PERIOD_INDEX,SOURCE_WEEK_IDENTIFIER,OBSERVATION_WEEK,PERIOD_KEY,OBSERVATION_START,OBSERVATION_END,N225_STATUS,N225_DAY_BARS,N225_NIGHT_BARS
1,2025-01-01,2025-01-W1,2025-01-06__2025-01-10,2025-01-06,2025-01-10,AVAILABLE,2105,3900
2,2025-01-02,2025-01-W2,2025-01-14__2025-01-17,2025-01-14,2025-01-17,AVAILABLE,1684,3120
3,2025-01-03,2025-01-W3,2025-01-20__2025-01-24,2025-01-20,2025-01-24,AVAILABLE,2105,3900
4,2025-01-04,2025-01-W4,2025-01-27__2025-01-31,2025-01-27,2025-01-31,AVAILABLE,2105,3900
5,2025-02-01,2025-02-W1,2025-02-03__2025-02-07,2025-02-03,2025-02-07,AVAILABLE,2105,3900
6,2025-02-02,2025-02-W2,2025-02-10__2025-02-14,2025-02-10,2025-02-14,AVAILABLE,2105,3900
7,2025-02-03,2025-02-W3,2025-02-17__2025-02-21,2025-02-17,2025-02-21,AVAILABLE,2105,3900
8,2025-02-04,2025-02-W4,2025-02-25__2025-02-28,2025-02-25,2025-02-28,AVAILABLE,1684,3120
9,2025-03-01,2025-03-W1,2025-03-03__2025-03-07,2025-03-03,2025-03-07,AVAILABLE,2105,3900
10,2025-03-02,2025-03-W2,2025-03-10__2025-03-14,2025-03-10,2025-03-14,AVAILABLE,2105,3900
11,2025-03-03,2025-03-W3,2025-03-17__2025-03-21,2025-03-17,2025-03-21,AVAILABLE,2105,3900
12,2025-03-04,2025-03-W4,2025-03-24__2025-03-28,2025-03-24,2025-03-28,AVAILABLE,2105,3900
13,2025-04-01,2025-04-W1,2025-03-31__2025-04-04,2025-03-31,2025-04-04,AVAILABLE,2105,3900
14,2025-04-02,2025-04-W2,2025-04-07__2025-04-11,2025-04-07,2025-04-11,AVAILABLE,2105,3900
15,2025-04-03,2025-04-W3,2025-04-14__2025-04-18,2025-04-14,2025-04-18,AVAILABLE,2105,3900
16,2025-04-04,2025-04-W4,2025-04-21__2025-04-25,2025-04-21,2025-04-25,AVAILABLE,2105,3900
17,2025-05-01,2025-05-W1,2025-04-28__2025-05-02,2025-04-28,2025-05-02,AVAILABLE,2105,3900
18,2025-05-02,2025-05-W2,2025-05-07__2025-05-09,2025-05-07,2025-05-09,AVAILABLE,1263,2340
19,2025-05-03,2025-05-W3,2025-05-12__2025-05-16,2025-05-12,2025-05-16,AVAILABLE,2105,3900
20,2025-05-04,2025-05-W4,2025-05-19__2025-05-23,2025-05-19,2025-05-23,AVAILABLE,2105,3900
21,2025-05-05,2025-05-W5,2025-05-26__2025-05-30,2025-05-26,2025-05-30,AVAILABLE,2105,3900
22,2025-06-01,2025-06-W1,2025-06-02__2025-06-06,2025-06-02,2025-06-06,AVAILABLE,2105,3900
23,2025-06-02,2025-06-W2,2025-06-09__2025-06-13,2025-06-09,2025-06-13,AVAILABLE,2105,3900
24,2025-06-03,2025-06-W3,2025-06-16__2025-06-20,2025-06-16,2025-06-20,AVAILABLE,2105,3900
25,2025-06-04,2025-06-W4,2025-06-23__2025-06-27,2025-06-23,2025-06-27,AVAILABLE,2105,3900
26,2025-07-01,2025-07-W1,2025-06-30__2025-07-04,2025-06-30,2025-07-04,AVAILABLE,2105,3900
27,2025-07-02,2025-07-W2,2025-07-07__2025-07-11,2025-07-07,2025-07-11,AVAILABLE,2105,3900
28,2025-07-03,2025-07-W3,2025-07-14__2025-07-18,2025-07-14,2025-07-18,AVAILABLE,2105,3900
29,2025-07-04,2025-07-W4,2025-07-22__2025-07-25,2025-07-22,2025-07-25,AVAILABLE,1684,3120
30,2025-07-05,2025-07-W5,2025-07-28__2025-08-01,2025-07-28,2025-08-01,AVAILABLE,2105,3900
31,2025-08-01,2025-08-W1,2025-08-04__2025-08-08,2025-08-04,2025-08-08,AVAILABLE,2105,3900
32,2025-08-02,2025-08-W2,2025-08-12__2025-08-15,2025-08-12,2025-08-15,AVAILABLE,1684,3120
33,2025-08-03,2025-08-W3,2025-08-18__2025-08-22,2025-08-18,2025-08-22,AVAILABLE,2105,3900
34,2025-08-04,2025-08-W4,2025-08-25__2025-08-29,2025-08-25,2025-08-29,AVAILABLE,2105,3900
35,2025-09-01,2025-09-W1,2025-09-01__2025-09-05,2025-09-01,2025-09-05,AVAILABLE,2105,3900
36,2025-09-02,2025-09-W2,2025-09-08__2025-09-12,2025-09-08,2025-09-12,AVAILABLE,2105,3900
37,2025-09-03,2025-09-W3,2025-09-16__2025-09-19,2025-09-16,2025-09-19,AVAILABLE,1684,3120
38,2025-09-04,2025-09-W4,2025-09-22__2025-09-26,2025-09-22,2025-09-26,AVAILABLE,2105,3900
39,2025-10-01,2025-10-W1,2025-09-29__2025-10-03,2025-09-29,2025-10-03,AVAILABLE,842,1560
40,2025-10-02,2025-10-W2,2025-10-06__2025-10-10,2025-10-06,2025-10-10,NO_DAY_DATA,0,0
41,2025-10-03,2025-10-W3,2025-10-14__2025-10-17,2025-10-14,2025-10-17,NO_DAY_DATA,0,0
42,2025-10-04,2025-10-W4,2025-10-20__2025-10-24,2025-10-20,2025-10-24,NO_DAY_DATA,0,0
43,2025-10-05,2025-10-W5,2025-10-27__2025-10-31,2025-10-27,2025-10-31,NO_DAY_DATA,0,0
44,2025-11-01,2025-11-W1,2025-11-04__2025-11-07,2025-11-04,2025-11-07,NO_DAY_DATA,0,0
45,2025-11-02,2025-11-W2,2025-11-10__2025-11-14,2025-11-10,2025-11-14,NO_DAY_DATA,0,0
46,2025-11-03,2025-11-W3,2025-11-17__2025-11-21,2025-11-17,2025-11-21,NO_DAY_DATA,0,0
47,2025-11-04,2025-11-W4,2025-11-25__2025-11-28,2025-11-25,2025-11-28,NO_DAY_DATA,0,0
48,2025-12-01,2025-12-W1,2025-12-01__2025-12-05,2025-12-01,2025-12-05,NO_DAY_DATA,0,0
49,2025-12-02,2025-12-W2,2025-12-08__2025-12-12,2025-12-08,2025-12-12,NO_DAY_DATA,0,0
50,2025-12-03,2025-12-W3,2025-12-15__2025-12-19,2025-12-15,2025-12-19,NO_DAY_DATA,0,0
51,2025-12-04,2025-12-W4,2025-12-22__2025-12-26,2025-12-22,2025-12-26,NO_DAY_DATA,0,0
52,2025-12-05,2025-12-W5,2025-12-29__2025-12-30,2025-12-29,2025-12-30,NO_DAY_DATA,0,0
