PERIOD_INDEX,PERIOD_KEY,OBSERVATION_START,OBSERVATION_END,N225_DATA_STATUS,N225_SEMANTIC_STATUS,PIT_STATUS,ROW_ERROR_COUNT,ROW_ERRORS
1,2025-01-06__2025-01-10,2025-01-06,2025-01-10,DAY_DATA_AVAILABLE,OBSERVED_AFTER_PERIOD,REQUIRES_SHIFT_BEFORE_PREPERIOD_USE,0,
2,2025-01-14__2025-01-17,2025-01-14,2025-01-17,DAY_DATA_AVAILABLE,OBSERVED_AFTER_PERIOD,REQUIRES_SHIFT_BEFORE_PREPERIOD_USE,0,
3,2025-01-20__2025-01-24,2025-01-20,2025-01-24,DAY_DATA_AVAILABLE,OBSERVED_AFTER_PERIOD,REQUIRES_SHIFT_BEFORE_PREPERIOD_USE,0,
4,2025-01-27__2025-01-31,2025-01-27,2025-01-31,DAY_DATA_AVAILABLE,OBSERVED_AFTER_PERIOD,REQUIRES_SHIFT_BEFORE_PREPERIOD_USE,0,
5,2025-02-03__2025-02-07,2025-02-03,2025-02-07,DAY_DATA_AVAILABLE,OBSERVED_AFTER_PERIOD,REQUIRES_SHIFT_BEFORE_PREPERIOD_USE,0,
6,2025-02-10__2025-02-14,2025-02-10,2025-02-14,DAY_DATA_AVAILABLE,OBSERVED_AFTER_PERIOD,REQUIRES_SHIFT_BEFORE_PREPERIOD_USE,0,
7,2025-02-17__2025-02-21,2025-02-17,2025-02-21,DAY_DATA_AVAILABLE,OBSERVED_AFTER_PERIOD,REQUIRES_SHIFT_BEFORE_PREPERIOD_USE,0,
8,2025-02-25__2025-02-28,2025-02-25,2025-02-28,DAY_DATA_AVAILABLE,OBSERVED_AFTER_PERIOD,REQUIRES_SHIFT_BEFORE_PREPERIOD_USE,0,
9,2025-03-03__2025-03-07,2025-03-03,2025-03-07,DAY_DATA_AVAILABLE,OBSERVED_AFTER_PERIOD,REQUIRES_SHIFT_BEFORE_PREPERIOD_USE,0,
10,2025-03-10__2025-03-14,2025-03-10,2025-03-14,DAY_DATA_AVAILABLE,OBSERVED_AFTER_PERIOD,REQUIRES_SHIFT_BEFORE_PREPERIOD_USE,0,
11,2025-03-17__2025-03-21,2025-03-17,2025-03-21,DAY_DATA_AVAILABLE,OBSERVED_AFTER_PERIOD,REQUIRES_SHIFT_BEFORE_PREPERIOD_USE,0,
12,2025-03-24__2025-03-28,2025-03-24,2025-03-28,DAY_DATA_AVAILABLE,OBSERVED_AFTER_PERIOD,REQUIRES_SHIFT_BEFORE_PREPERIOD_USE,0,
13,2025-03-31__2025-04-04,2025-03-31,2025-04-04,DAY_DATA_AVAILABLE,OBSERVED_AFTER_PERIOD,REQUIRES_SHIFT_BEFORE_PREPERIOD_USE,0,
14,2025-04-07__2025-04-11,2025-04-07,2025-04-11,DAY_DATA_AVAILABLE,OBSERVED_AFTER_PERIOD,REQUIRES_SHIFT_BEFORE_PREPERIOD_USE,0,
15,2025-04-14__2025-04-18,2025-04-14,2025-04-18,DAY_DATA_AVAILABLE,OBSERVED_AFTER_PERIOD,REQUIRES_SHIFT_BEFORE_PREPERIOD_USE,0,
16,2025-04-21__2025-04-25,2025-04-21,2025-04-25,DAY_DATA_AVAILABLE,OBSERVED_AFTER_PERIOD,REQUIRES_SHIFT_BEFORE_PREPERIOD_USE,0,
17,2025-04-28__2025-05-02,2025-04-28,2025-05-02,DAY_DATA_AVAILABLE,OBSERVED_AFTER_PERIOD,REQUIRES_SHIFT_BEFORE_PREPERIOD_USE,0,
18,2025-05-07__2025-05-09,2025-05-07,2025-05-09,DAY_DATA_AVAILABLE,OBSERVED_AFTER_PERIOD,REQUIRES_SHIFT_BEFORE_PREPERIOD_USE,0,
19,2025-05-12__2025-05-16,2025-05-12,2025-05-16,DAY_DATA_AVAILABLE,OBSERVED_AFTER_PERIOD,REQUIRES_SHIFT_BEFORE_PREPERIOD_USE,0,
20,2025-05-19__2025-05-23,2025-05-19,2025-05-23,DAY_DATA_AVAILABLE,OBSERVED_AFTER_PERIOD,REQUIRES_SHIFT_BEFORE_PREPERIOD_USE,0,
21,2025-05-26__2025-05-30,2025-05-26,2025-05-30,DAY_DATA_AVAILABLE,OBSERVED_AFTER_PERIOD,REQUIRES_SHIFT_BEFORE_PREPERIOD_USE,0,
22,2025-06-02__2025-06-06,2025-06-02,2025-06-06,DAY_DATA_AVAILABLE,OBSERVED_AFTER_PERIOD,REQUIRES_SHIFT_BEFORE_PREPERIOD_USE,0,
23,2025-06-09__2025-06-13,2025-06-09,2025-06-13,DAY_DATA_AVAILABLE,OBSERVED_AFTER_PERIOD,REQUIRES_SHIFT_BEFORE_PREPERIOD_USE,0,
24,2025-06-16__2025-06-20,2025-06-16,2025-06-20,DAY_DATA_AVAILABLE,OBSERVED_AFTER_PERIOD,REQUIRES_SHIFT_BEFORE_PREPERIOD_USE,0,
25,2025-06-23__2025-06-27,2025-06-23,2025-06-27,DAY_DATA_AVAILABLE,OBSERVED_AFTER_PERIOD,REQUIRES_SHIFT_BEFORE_PREPERIOD_USE,0,
26,2025-06-30__2025-07-04,2025-06-30,2025-07-04,DAY_DATA_AVAILABLE,OBSERVED_AFTER_PERIOD,REQUIRES_SHIFT_BEFORE_PREPERIOD_USE,0,
27,2025-07-07__2025-07-11,2025-07-07,2025-07-11,DAY_DATA_AVAILABLE,OBSERVED_AFTER_PERIOD,REQUIRES_SHIFT_BEFORE_PREPERIOD_USE,0,
28,2025-07-14__2025-07-18,2025-07-14,2025-07-18,DAY_DATA_AVAILABLE,OBSERVED_AFTER_PERIOD,REQUIRES_SHIFT_BEFORE_PREPERIOD_USE,0,
29,2025-07-22__2025-07-25,2025-07-22,2025-07-25,DAY_DATA_AVAILABLE,OBSERVED_AFTER_PERIOD,REQUIRES_SHIFT_BEFORE_PREPERIOD_USE,0,
30,2025-07-28__2025-08-01,2025-07-28,2025-08-01,DAY_DATA_AVAILABLE,OBSERVED_AFTER_PERIOD,REQUIRES_SHIFT_BEFORE_PREPERIOD_USE,0,
31,2025-08-04__2025-08-08,2025-08-04,2025-08-08,DAY_DATA_AVAILABLE,OBSERVED_AFTER_PERIOD,REQUIRES_SHIFT_BEFORE_PREPERIOD_USE,0,
32,2025-08-12__2025-08-15,2025-08-12,2025-08-15,DAY_DATA_AVAILABLE,OBSERVED_AFTER_PERIOD,REQUIRES_SHIFT_BEFORE_PREPERIOD_USE,0,
33,2025-08-18__2025-08-22,2025-08-18,2025-08-22,DAY_DATA_AVAILABLE,OBSERVED_AFTER_PERIOD,REQUIRES_SHIFT_BEFORE_PREPERIOD_USE,0,
34,2025-08-25__2025-08-29,2025-08-25,2025-08-29,DAY_DATA_AVAILABLE,OBSERVED_AFTER_PERIOD,REQUIRES_SHIFT_BEFORE_PREPERIOD_USE,0,
35,2025-09-01__2025-09-05,2025-09-01,2025-09-05,DAY_DATA_AVAILABLE,OBSERVED_AFTER_PERIOD,REQUIRES_SHIFT_BEFORE_PREPERIOD_USE,0,
36,2025-09-08__2025-09-12,2025-09-08,2025-09-12,DAY_DATA_AVAILABLE,OBSERVED_AFTER_PERIOD,REQUIRES_SHIFT_BEFORE_PREPERIOD_USE,0,
37,2025-09-16__2025-09-19,2025-09-16,2025-09-19,DAY_DATA_AVAILABLE,OBSERVED_AFTER_PERIOD,REQUIRES_SHIFT_BEFORE_PREPERIOD_USE,0,
38,2025-09-22__2025-09-26,2025-09-22,2025-09-26,DAY_DATA_AVAILABLE,OBSERVED_AFTER_PERIOD,REQUIRES_SHIFT_BEFORE_PREPERIOD_USE,0,
39,2025-09-29__2025-10-03,2025-09-29,2025-10-03,DAY_DATA_AVAILABLE,OBSERVED_AFTER_PERIOD,REQUIRES_SHIFT_BEFORE_PREPERIOD_USE,0,
40,2025-10-06__2025-10-10,2025-10-06,2025-10-10,NO_DAY_DATA,NOT_OBSERVED,UNAVAILABLE,0,
41,2025-10-14__2025-10-17,2025-10-14,2025-10-17,NO_DAY_DATA,NOT_OBSERVED,UNAVAILABLE,0,
42,2025-10-20__2025-10-24,2025-10-20,2025-10-24,NO_DAY_DATA,NOT_OBSERVED,UNAVAILABLE,0,
43,2025-10-27__2025-10-31,2025-10-27,2025-10-31,NO_DAY_DATA,NOT_OBSERVED,UNAVAILABLE,0,
44,2025-11-04__2025-11-07,2025-11-04,2025-11-07,NO_DAY_DATA,NOT_OBSERVED,UNAVAILABLE,0,
45,2025-11-10__2025-11-14,2025-11-10,2025-11-14,NO_DAY_DATA,NOT_OBSERVED,UNAVAILABLE,0,
46,2025-11-17__2025-11-21,2025-11-17,2025-11-21,NO_DAY_DATA,NOT_OBSERVED,UNAVAILABLE,0,
47,2025-11-25__2025-11-28,2025-11-25,2025-11-28,NO_DAY_DATA,NOT_OBSERVED,UNAVAILABLE,0,
48,2025-12-01__2025-12-05,2025-12-01,2025-12-05,NO_DAY_DATA,NOT_OBSERVED,UNAVAILABLE,0,
49,2025-12-08__2025-12-12,2025-12-08,2025-12-12,NO_DAY_DATA,NOT_OBSERVED,UNAVAILABLE,0,
50,2025-12-15__2025-12-19,2025-12-15,2025-12-19,NO_DAY_DATA,NOT_OBSERVED,UNAVAILABLE,0,
51,2025-12-22__2025-12-26,2025-12-22,2025-12-26,NO_DAY_DATA,NOT_OBSERVED,UNAVAILABLE,0,
52,2025-12-29__2025-12-30,2025-12-29,2025-12-30,NO_DAY_DATA,NOT_OBSERVED,UNAVAILABLE,0,
