WEEK,OPEN,HIGH,LOW,CLOSE,VOLUME,海外投資家_PREV_NET,海外投資家_CURR_NET,海外投資家_WOW_NET,海外投資家_BUY_RATIO,海外投資家_SELL_RATIO,個人_PREV_NET,個人_CURR_NET,個人_WOW_NET,個人_BUY_RATIO,個人_SELL_RATIO,法人_PREV_NET,法人_CURR_NET,法人_WOW_NET,法人_BUY_RATIO,法人_SELL_RATIO,金融機関_PREV_NET,金融機関_CURR_NET,金融機関_WOW_NET,金融機関_BUY_RATIO,金融機関_SELL_RATIO,信託銀行_PREV_NET,信託銀行_CURR_NET,信託銀行_WOW_NET,信託銀行_BUY_RATIO,信託銀行_SELL_RATIO,投資信託_PREV_NET,投資信託_CURR_NET,投資信託_WOW_NET,投資信託_BUY_RATIO,投資信託_SELL_RATIO,海外投資家_ROLL4_NET,海外投資家_ROLL8_NET,海外投資家_ROLL12_NET,海外投資家_MOM4,個人_ROLL4_NET,個人_ROLL8_NET,個人_ROLL12_NET,個人_MOM4,法人_ROLL4_NET,法人_ROLL8_NET,法人_ROLL12_NET,法人_MOM4,金融機関_ROLL4_NET,金融機関_ROLL8_NET,金融機関_ROLL12_NET,金融機関_MOM4,信託銀行_ROLL4_NET,信託銀行_ROLL8_NET,信託銀行_ROLL12_NET,信託銀行_MOM4,投資信託_ROLL4_NET,投資信託_ROLL8_NET,投資信託_ROLL12_NET,投資信託_MOM4
2025-01-01,39930.0,39990.0,39220.0,39370.0,19111,-65723365.0,343552189.0,409275554.0,64.0,64.5,131583173.0,727749714.0,596166541.0,29.8,27.6,-5273151.0,-365521091.0,-360247940.0,5.7,7.5,29490729.0,-596728803.0,-626219532.0,1.5,4.1,31308825.0,-531876103.0,-563184928.0,1.3,3.6,-43440078.0,-116178102.0,-72738024.0,1.6,2.2,343552189.0,343552189.0,343552189.0,343552189.0,727749714.0,727749714.0,727749714.0,727749714.0,-365521091.0,-365521091.0,-365521091.0,-365521091.0,-596728803.0,-596728803.0,-596728803.0,-596728803.0,-531876103.0,-531876103.0,-531876103.0,-531876103.0,-116178102.0,-116178102.0,-116178102.0,-116178102.0
2025-01-02,39330.0,40320.0,39160.0,39250.0,224932,343552189.0,-4618496.0,-348170685.0,66.6,68.9,727749714.0,451331092.0,-276418622.0,27.0,25.3,-365521091.0,133363017.0,498884108.0,6.0,5.4,-596728803.0,-177224064.0,419504739.0,1.7,2.8,-531876103.0,-130026501.0,401849602.0,1.4,2.2,-116178102.0,89809112.0,205987214.0,1.8,1.3,338933693.0,338933693.0,338933693.0,-4618496.0,1179080806.0,1179080806.0,1179080806.0,451331092.0,-232158074.0,-232158074.0,-232158074.0,133363017.0,-773952867.0,-773952867.0,-773952867.0,-177224064.0,-661902604.0,-661902604.0,-661902604.0,-130026501.0,-26368990.0,-26368990.0,-26368990.0,89809112.0
2025-01-03,39280.0,39330.0,38070.0,38470.0,181892,-4618496.0,391106701.0,395725197.0,64.8,63.1,451331092.0,-458643678.0,-909974770.0,29.7,31.9,133363017.0,100912993.0,-32450024.0,5.1,4.6,-177224064.0,-95358320.0,81865744.0,1.4,1.8,-130026501.0,-30936383.0,99090118.0,1.2,1.4,89809112.0,-31236160.0,-121045272.0,1.3,1.4,730040394.0,730040394.0,730040394.0,391106701.0,720437128.0,720437128.0,720437128.0,-458643678.0,-131245081.0,-131245081.0,-131245081.0,100912993.0,-869311187.0,-869311187.0,-869311187.0,-95358320.0,-692838987.0,-692838987.0,-692838987.0,-30936383.0,-57605150.0,-57605150.0,-57605150.0,-31236160.0
2025-01-04,38470.0,40410.0,38400.0,39940.0,191794,391106701.0,-313361726.0,-704468427.0,63.4,64.1,-458643678.0,142436226.0,601079904.0,29.8,29.0,100912993.0,-15793185.0,-116706178.0,6.4,6.4,-95358320.0,-138960451.0,-43602131.0,2.2,2.8,-30936383.0,-94014531.0,-63078148.0,2.0,2.4,-31236160.0,-54858315.0,-23622155.0,2.0,2.2,416678668.0,416678668.0,416678668.0,-313361726.0,862873354.0,862873354.0,862873354.0,142436226.0,-147038266.0,-147038266.0,-147038266.0,-15793185.0,-1008271638.0,-1008271638.0,-1008271638.0,-138960451.0,-786853518.0,-786853518.0,-786853518.0,-94014531.0,-112463465.0,-112463465.0,-112463465.0,-54858315.0
2025-02-01,40040.0,40610.0,38660.0,39630.0,230217,-313361726.0,-265752802.0,47608924.0,64.7,67.1,142436226.0,489228603.0,346792377.0,28.0,26.7,-15793185.0,300559497.0,316352682.0,6.7,5.7,-138960451.0,-36507099.0,102453352.0,2.4,2.6,-94014531.0,63714603.0,157729134.0,2.2,2.0,-54858315.0,26784917.0,81643232.0,1.8,1.7,-192626323.0,150925866.0,150925866.0,-609304991.0,624352243.0,1352101957.0,1352101957.0,-238521111.0,519042322.0,153521231.0,153521231.0,666080588.0,-448049934.0,-1044778737.0,-1044778737.0,560221704.0,-191262812.0,-723138915.0,-723138915.0,595590706.0,30499554.0,-85678548.0,-85678548.0,142963019.0
2025-02-02,39650.0,39820.0,38380.0,38840.0,227601,-265752802.0,96432842.0,362185644.0,66.4,66.0,489228603.0,-100118088.0,-589346691.0,27.8,28.3,300559497.0,18016039.0,-282543458.0,5.3,5.2,-36507099.0,-146609245.0,-110102146.0,1.3,2.0,63714603.0,-68096998.0,-131811601.0,1.2,1.5,26784917.0,-7887516.0,-34672433.0,1.5,1.5,-91574985.0,247358708.0,247358708.0,101051338.0,72903063.0,1251983869.0,1251983869.0,-551449180.0,403695344.0,171537270.0,171537270.0,-115346978.0,-417435115.0,-1191387982.0,-1191387982.0,30614819.0,-129333309.0,-791235913.0,-791235913.0,61929503.0,-67197074.0,-93566064.0,-93566064.0,-97696628.0
2025-02-03,38870.0,39600.0,38350.0,39110.0,148860,96432842.0,-163238045.0,-259670887.0,63.6,64.6,-100118088.0,175108933.0,275227021.0,29.3,28.8,18016039.0,143901152.0,125885113.0,6.7,6.1,-146609245.0,-116483510.0,30125735.0,1.7,2.2,-68096998.0,-33992054.0,34104944.0,1.5,1.7,-7887516.0,49863879.0,57751395.0,2.3,2.1,-645919731.0,84120663.0,84120663.0,-554344746.0,706655674.0,1427092802.0,1427092802.0,633752611.0,446683503.0,315438422.0,315438422.0,42988159.0,-438560305.0,-1307871492.0,-1307871492.0,-21125190.0,-132388980.0,-825227967.0,-825227967.0,-3055671.0,13902965.0,-43702185.0,-43702185.0,81100039.0
2025-02-04,39160.0,39500.0,38380.0,38790.0,153757,-163238045.0,-607154141.0,-443916096.0,66.8,69.9,175108933.0,518192386.0,343083453.0,25.1,22.9,143901152.0,155232950.0,11331798.0,7.6,6.9,-116483510.0,-68185428.0,48298082.0,2.8,3.1,-33992054.0,-39313292.0,-5321238.0,2.5,2.7,49863879.0,5093246.0,-44770633.0,2.3,2.3,-939712146.0,-523033478.0,-523033478.0,-293792415.0,1082411834.0,1945285188.0,1945285188.0,375756160.0,617709638.0,470671372.0,470671372.0,171026135.0,-367785282.0,-1376056920.0,-1376056920.0,70775023.0,-77687741.0,-864541259.0,-864541259.0,54701239.0,73854526.0,-38608939.0,-38608939.0,59951561.0
2025-03-01,38810.0,38870.0,36840.0,37110.0,232103,-607154141.0,-101580863.0,505573278.0,64.4,65.5,518192386.0,-431929122.0,-950121508.0,25.9,27.9,155232950.0,830842591.0,675609641.0,9.2,6.1,-68185428.0,345005392.0,413190820.0,3.5,2.2,-39313292.0,334256326.0,373569618.0,3.1,1.8,5093246.0,257369999.0,252276753.0,3.1,2.1,-775540207.0,-968166530.0,-624614341.0,164171939.0,161254109.0,785606352.0,1513356066.0,-921157725.0,1147992732.0,1667035054.0,1301513963.0,530283094.0,13727209.0,-434322725.0,-1031051528.0,381512491.0,192853982.0,1591170.0,-530284933.0,270541723.0,304439608.0,334939162.0,218761060.0,230585082.0
2025-03-02,37230.0,38260.0,36260.0,36770.0,305431,-101580863.0,-808595250.0,-707014387.0,68.3,69.1,-431929122.0,-130907400.0,301021722.0,25.6,25.2,830842591.0,28039689.0,-802802902.0,5.5,5.2,345005392.0,14488427.0,-330516965.0,2.1,1.9,334256326.0,55567931.0,-278688395.0,1.7,1.4,257369999.0,-83392185.0,-340762184.0,1.3,1.6,-1680568299.0,-1772143284.0,-1433209591.0,-905028092.0,130464797.0,203367860.0,1382448666.0,-30789312.0,1158016382.0,1561711726.0,1329553652.0,10023650.0,174824881.0,-242610234.0,-1016563101.0,161097672.0,316518911.0,187185602.0,-474717002.0,123664929.0,228934939.0,161737865.0,135368875.0,-75504669.0
2025-03-03,36870.0,37330.0,35980.0,36860.0,227587,-808595250.0,261144507.0,1069739757.0,66.5,64.0,-130907400.0,-472934778.0,-342027378.0,26.9,28.6,28039689.0,-188279522.0,-216319211.0,6.0,6.7,14488427.0,-92968668.0,-107457095.0,2.0,2.4,55567931.0,-75582848.0,-131150779.0,1.5,1.9,-83392185.0,-128545708.0,-45153523.0,1.3,1.9,-1256185747.0,-1902105478.0,-1172065084.0,424382552.0,-517578914.0,189076760.0,909513888.0,-648043711.0,825835708.0,1272519211.0,1141274130.0,-332180674.0,198339723.0,-240220582.0,-1109531769.0,23514842.0,274928117.0,142539137.0,-550299850.0,-41590794.0,50525352.0,64428317.0,6823167.0,-178409587.0
2025-03-04,36830.0,37870.0,36790.0,37400.0,150340,261144507.0,-841689022.0,-1102833529.0,64.6,64.3,-472934778.0,478269233.0,951204011.0,30.4,26.5,-188279522.0,-1046396832.0,-858117310.0,4.5,8.8,-92968668.0,-876371001.0,-783402333.0,1.2,4.9,-75582848.0,-791712320.0,-716129472.0,1.0,4.4,-128545708.0,-182237565.0,-53691857.0,1.8,2.5,-1490720628.0,-2430432774.0,-2013754106.0,-234534881.0,-557502067.0,524909767.0,1387783121.0,-39923153.0,-375794074.0,241915564.0,94877298.0,-1201629782.0,-609845850.0,-977631132.0,-1985902770.0,-808185573.0,-477470911.0,-555158652.0,-1342012170.0,-752399028.0,-136805459.0,-62950933.0,-175414398.0,-187330811.0
2025-04-01,37420.0,37970.0,36900.0,37010.0,195019,-841689022.0,601126001.0,1442815023.0,67.7,69.8,478269233.0,720930299.0,242661066.0,24.6,23.5,-1046396832.0,392687672.0,1439084504.0,7.3,6.4,-876371001.0,-174423949.0,701947052.0,2.4,3.2,-791712320.0,-194192929.0,597519391.0,2.1,3.0,-182237565.0,249911690.0,432149255.0,2.9,2.2,-788013764.0,-1563553971.0,-1756180294.0,702706864.0,595357354.0,756611463.0,1380963706.0,1152859421.0,-813948993.0,334043739.0,853086061.0,-438154919.0,-1129275191.0,-1115547982.0,-1563597916.0,-519429341.0,-1005920166.0,-813066184.0,-1004328996.0,-528449255.0,-144263768.0,160175840.0,190675394.0,-7458309.0
2025-04-02,36880.0,36890.0,33300.0,33760.0,348479,601126001.0,158228771.0,-442897230.0,70.4,71.5,720930299.0,-117711658.0,-838641957.0,22.9,23.8,392687672.0,591879614.0,199191942.0,6.2,4.3,-174423949.0,147634728.0,322058677.0,2.6,2.2,-194192929.0,173047969.0,367240898.0,2.3,1.8,249911690.0,69121804.0,-180789886.0,1.5,1.3,178810257.0,-1501758042.0,-1593333027.0,966824021.0,608553096.0,739017893.0,811920956.0,13195742.0,-250109068.0,907907314.0,1311602658.0,563839925.0,-996128890.0,-821304009.0,-1238739124.0,133146301.0,-888440128.0,-571921217.0,-701254526.0,117480038.0,8250221.0,237185160.0,169988086.0,152513989.0
2025-04-03,33550.0,35140.0,30650.0,33520.0,575135,158228771.0,150379338.0,-7849433.0,65.3,65.3,-117711658.0,-230535497.0,-112823839.0,28.3,29.8,591879614.0,316599601.0,-275280013.0,6.0,4.5,147634728.0,60449421.0,-87185307.0,2.1,1.8,173047969.0,91976213.0,-81071756.0,1.9,1.5,69121804.0,71417828.0,2296024.0,1.9,1.6,68045088.0,-1188140659.0,-1834060390.0,-110765169.0,850952377.0,333373463.0,1040029137.0,242399281.0,254770055.0,1080605763.0,1527289266.0,504879123.0,-842710801.0,-644371078.0,-1082931383.0,153418089.0,-720881067.0,-445952950.0,-578341930.0,167559061.0,208213757.0,258739109.0,272642074.0,199963536.0
2025-04-04,33170.0,34830.0,32700.0,34830.0,195093,150379338.0,288137076.0,137757738.0,65.4,63.3,-230535497.0,-354932670.0,-124397173.0,28.1,29.5,316599601.0,-145479546.0,-462079147.0,6.0,6.7,60449421.0,-198292543.0,-258741964.0,2.6,3.5,91976213.0,-108521855.0,-200498068.0,2.4,2.9,71417828.0,-56782879.0,-128200707.0,1.6,1.8,1197871186.0,-292849442.0,-1232561588.0,1129826098.0,17750474.0,-539751593.0,542660241.0,-833201903.0,1155687341.0,779893267.0,1397602905.0,900917286.0,-164632343.0,-774478193.0,-1142263475.0,678078458.0,-37690602.0,-515161513.0,-592849254.0,683190465.0,333668443.0,196862984.0,270717510.0,125454686.0
2025-05-01,34730.0,35870.0,33860.0,35780.0,169557,288137076.0,394609056.0,106471980.0,66.5,65.4,-354932670.0,-167337048.0,187595622.0,25.6,26.7,-145479546.0,21290410.0,166769956.0,7.4,7.4,-198292543.0,-286274987.0,-87982444.0,2.6,4.0,-108521855.0,-229960539.0,-121438684.0,2.5,3.6,-56782879.0,177613281.0,234396160.0,3.2,2.4,991354241.0,203340477.0,-572199730.0,-206516945.0,-870516873.0,-275159519.0,-113905410.0,-888267347.0,784290079.0,-29658914.0,1118333818.0,-371397262.0,-276483381.0,-1405758572.0,-1392031363.0,-111851038.0,-73458212.0,-1079378378.0,-886524396.0,-35767610.0,261370034.0,117106266.0,421545874.0,-72298409.0
2025-05-02,35700.0,37070.0,35480.0,36810.0,156357,394609056.0,357010332.0,-37598724.0,70.6,67.5,-167337048.0,-357635278.0,-190298230.0,24.5,26.3,21290410.0,-205401277.0,-226691687.0,4.5,5.7,-286274987.0,-386907464.0,-100632477.0,1.2,3.6,-229960539.0,-268002308.0,-38041769.0,1.1,2.7,177613281.0,31975051.0,-145638230.0,1.4,1.2,1190135802.0,1368946059.0,-311622240.0,198781561.0,-1110440493.0,-501887397.0,-371422600.0,-239923620.0,-12990812.0,-263099880.0,894916502.0,-797280891.0,-811025573.0,-1807154463.0,-1632329582.0,-534542192.0,-514508489.0,-1402948617.0,-1086429706.0,-441050277.0,224223281.0,232473502.0,461408441.0,-37146753.0
2025-05-03,36860.0,37680.0,36590.0,37520.0,135932,357010332.0,623278926.0,266268594.0,66.9,65.0,-357635278.0,-257976300.0,99658978.0,26.4,27.4,-205401277.0,-218705436.0,-13304159.0,6.3,7.1,-386907464.0,-479281080.0,-92373616.0,2.0,3.7,-268002308.0,-289316543.0,-21314235.0,1.8,2.9,31975051.0,8597785.0,-23377266.0,1.7,1.7,1663035390.0,1731080478.0,474894731.0,472899588.0,-1137881296.0,-286928919.0,-804507833.0,-27440803.0,-548295849.0,-293525794.0,532309914.0,-535305037.0,-1350756074.0,-2193466875.0,-1995127152.0,-539730501.0,-895801245.0,-1616682312.0,-1341754195.0,-381292756.0,161403238.0,369616995.0,420142347.0,-62820043.0
2025-05-04,37550.0,38790.0,37310.0,37770.0,161703,623278926.0,285023033.0,-338255893.0,63.2,64.4,-257976300.0,-55060613.0,202915687.0,28.2,29.6,-218705436.0,666381392.0,885086828.0,8.3,5.6,-479281080.0,-136221920.0,343059160.0,2.2,2.9,-289316543.0,-35978914.0,253337629.0,2.0,2.2,8597785.0,73804459.0,65206674.0,1.9,1.6,1659921347.0,2857792533.0,1367071905.0,-3114043.0,-838009239.0,-820258765.0,-1377760832.0,299872057.0,263565089.0,1419252430.0,1043458356.0,811860938.0,-1288685451.0,-1453317794.0,-2063163644.0,62070623.0,-823258304.0,-860948906.0,-1338419817.0,72542941.0,291990576.0,625659019.0,488853560.0,130587338.0
2025-06-01,37830.0,38000.0,36710.0,37190.0,141876,616572817.0,398591776.0,-217981041.0,63.3,62.6,-356780428.0,161849133.0,518629561.0,29.1,28.8,-233765613.0,-185712238.0,48053375.0,7.1,8.1,-230441059.0,-533610928.0,-303169869.0,2.5,4.9,-98149711.0,-473836456.0,-375686745.0,2.1,4.3,-264107351.0,-21117347.0,242990004.0,2.0,2.1,1923466552.0,3113602354.0,3292412611.0,41581444.0,-507968208.0,-1618408701.0,-1009855605.0,519484411.0,28198105.0,15207293.0,-234901775.0,19689039.0,-1379554987.0,-2190580560.0,-3186709450.0,-146703464.0,-897281624.0,-1411790113.0,-2300230241.0,-205834148.0,-202822454.0,21400827.0,29651048.0,-53092398.0
2025-06-02,37210.0,38470.0,36450.0,37960.0,173885,398591776.0,99704954.0,-298886822.0,63.7,64.1,161849133.0,-4009916.0,-165859049.0,30.0,30.4,-185712238.0,213313630.0,399025868.0,5.9,5.0,-533610928.0,-136112097.0,397498831.0,1.8,2.4,-473836456.0,-25169482.0,448666974.0,1.5,1.7,-21117347.0,-2647681.0,18469666.0,1.5,1.5,1399892580.0,3062927970.0,3130973058.0,-523573972.0,-254001824.0,-1391883120.0,-540930743.0,253966384.0,460217171.0,-88078678.0,166691377.0,432019066.0,-1036386004.0,-2387142078.0,-3229852879.0,343168983.0,-633134563.0,-1528935808.0,-2249816875.0,264147061.0,-214067920.0,-52664682.0,155549075.0,-11245466.0
2025-06-03,38000.0,38040.0,37280.0,37770.0,149968,99704954.0,88459899.0,-11245055.0,64.0,63.8,-4009916.0,-232631240.0,-228621324.0,28.2,29.1,213313630.0,190126694.0,-23186936.0,7.4,6.7,-136112097.0,-179985814.0,-43873717.0,2.5,3.2,-25169482.0,-107371713.0,-82202231.0,2.3,2.7,-2647681.0,61396501.0,64044182.0,2.5,2.3,1203329446.0,2863250793.0,4061121979.0,-196563134.0,-431572451.0,-1269581690.0,-1251831216.0,-177570627.0,-16037527.0,247527562.0,1403214903.0,-476254698.0,-1080149898.0,-2368835349.0,-2533467692.0,-43763894.0,-704527362.0,-1527785666.0,-1565476268.0,-71392799.0,-226475878.0,65514698.0,399183141.0,-12407958.0
2025-06-04,37740.0,38750.0,37470.0,37780.0,145961,88459899.0,339822204.0,251362305.0,63.1,61.5,-232631240.0,-591709901.0,-359078661.0,30.1,32.3,190126694.0,129089673.0,-61037021.0,6.3,5.8,-179985814.0,-89687490.0,90298324.0,2.3,2.7,-107371713.0,-47324832.0,60046881.0,2.0,2.2,61396501.0,120435716.0,59039215.0,2.3,1.8,926578833.0,2808463941.0,3799818182.0,-276750613.0,-666501924.0,-1693954543.0,-2564471416.0,-234929473.0,346817759.0,355326825.0,1139616904.0,362855286.0,-939396329.0,-2172247852.0,-2448731233.0,140753569.0,-653702483.0,-1345149959.0,-1418608171.0,50824879.0,158067189.0,8337133.0,269707167.0,384543067.0
2025-07-01,37880.0,38950.0,37850.0,38350.0,161017,339822204.0,545637476.0,205815272.0,62.6,61.9,-591709901.0,-60326993.0,531382908.0,29.8,30.7,129089673.0,98900453.0,-30189220.0,7.2,7.0,-89687490.0,-111198.0,89576292.0,3.0,3.1,-47324832.0,84804596.0,132129428.0,2.8,2.6,120435716.0,-156189504.0,-276625220.0,2.1,2.7,1073624533.0,2997091085.0,4187226887.0,147045700.0,-888678050.0,-1396646258.0,-2507086751.0,-222176126.0,631430450.0,659628555.0,646637743.0,284612691.0,-405896599.0,-1785451586.0,-2596477159.0,533499730.0,-95061431.0,-992343055.0,-1506851544.0,558641052.0,22995032.0,-179827422.0,44395859.0,-135072157.0
2025-07-02,38460.0,40290.0,38000.0,40180.0,167454,545637476.0,403085131.0,-142552345.0,64.8,63.4,-60326993.0,-66547033.0,-6220040.0,28.6,29.0,98900453.0,-234311260.0,-333211713.0,6.1,7.2,-111198.0,-68411668.0,-68300470.0,2.0,2.3,84804596.0,-35303818.0,-120108414.0,1.6,1.8,-156189504.0,-442782603.0,-286593099.0,1.7,3.6,1377004710.0,2776897290.0,4439932680.0,303380177.0,-951215167.0,-1205216991.0,-2343098287.0,-62537117.0,183805560.0,644022731.0,95726882.0,-447624890.0,-338196170.0,-1374582174.0,-2725338248.0,67700429.0,-105195767.0,-738330330.0,-1634131575.0,-10134336.0,-417139890.0,-631207810.0,-469804572.0,-440134922.0
2025-07-03,40200.0,40870.0,39430.0,39770.0,195157,403085131.0,187508315.0,-215576816.0,62.3,62.3,-66547033.0,-87985482.0,-21438449.0,31.5,32.3,-234311260.0,201847346.0,436158606.0,5.8,5.0,-68411668.0,-85752873.0,-17341205.0,1.9,2.3,-35303818.0,10790858.0,46094676.0,1.7,1.6,-442782603.0,58474583.0,501257186.0,1.6,1.3,1476053126.0,2679382572.0,4339303919.0,99048416.0,-806569409.0,-1238141860.0,-2076151099.0,144645758.0,195526212.0,179488685.0,443053774.0,11720652.0,-243963229.0,-1324113127.0,-2612798578.0,94232941.0,12966804.0,-691560558.0,-1514818862.0,118162571.0,-420061808.0,-646537686.0,-354547110.0,-2921918.0
2025-07-04,39750.0,40050.0,39330.0,39510.0,141749,187508315.0,602395039.0,414886724.0,66.8,62.6,-87985482.0,-1219052113.0,-1131066631.0,26.6,31.1,201847346.0,64859961.0,-136987385.0,6.1,5.7,-85752873.0,-39668234.0,46084639.0,2.0,2.1,10790858.0,38584571.0,27793713.0,1.8,1.6,58474583.0,-22253055.0,-80727638.0,1.7,1.8,1738625961.0,2665204794.0,4547089902.0,262572835.0,-1433911621.0,-2100413545.0,-3127866164.0,-627342212.0,131296500.0,478114259.0,486623325.0,-64229712.0,-193943973.0,-1133340302.0,-2366191825.0,50019256.0,98876207.0,-554826276.0,-1246273752.0,85909403.0,-562750579.0,-404683390.0,-554413446.0,-142688771.0
2025-08-01,39380.0,40130.0,39130.0,39830.0,138660,-189205698.0,-5334314.0,183871384.0,66.8,65.4,25542718.0,-578057685.0,-603600403.0,27.8,29.1,-68264588.0,-22178045.0,46086543.0,5.0,4.9,-415783161.0,-214315566.0,201467595.0,1.6,2.3,-100216389.0,-116562270.0,-16345881.0,1.4,1.8,58938584.0,-38022283.0,-96960867.0,1.3,1.4,595363342.0,1972368052.0,3372260632.0,-408419445.0,-1859552562.0,-2810767729.0,-3064769553.0,-511510652.0,176264674.0,360070234.0,820287405.0,212133215.0,-755519834.0,-1093716004.0,-2130102008.0,-145903898.0,-167403230.0,-272598997.0,-905733560.0,-81258452.0,57137829.0,-360002061.0,-574069981.0,404760320.0
2025-08-02,39860.0,42080.0,39460.0,41360.0,195114,-5334314.0,573775742.0,579110056.0,65.0,61.2,-578057685.0,-1125354016.0,-547296331.0,29.2,32.6,-22178045.0,-130627495.0,-108449450.0,5.3,5.7,-214315566.0,-298689694.0,-84374128.0,1.5,2.6,-116562270.0,-216505472.0,-99943202.0,1.4,2.1,-38022283.0,9971230.0,47993513.0,1.8,1.7,981630769.0,2457683895.0,3661013341.0,386267427.0,-2896921096.0,-3703490505.0,-4135062956.0,-1037368534.0,-156210167.0,39316045.0,23278518.0,-332474841.0,-968456655.0,-1212419884.0,-2292569782.0,-212936821.0,-394699560.0,-381732756.0,-1086260118.0,-227296330.0,8634476.0,-411427332.0,-637903210.0,-48503353.0
2025-08-03,41340.0,41610.0,40480.0,40860.0,173524,573775742.0,-198867487.0,-772643229.0,62.6,62.8,-1125354016.0,150198086.0,1275552102.0,31.4,30.5,-130627495.0,-156983708.0,-26356213.0,5.6,6.1,-298689694.0,-105002227.0,193687467.0,1.9,2.3,-216505472.0,1295059.0,217800531.0,1.7,1.7,9971230.0,-291042745.0,-301013975.0,1.3,2.4,180368243.0,1918994204.0,2845573037.0,-801262526.0,-1527670897.0,-2961582518.0,-3628084442.0,1369250199.0,-378053836.0,-246757336.0,100060423.0,-221843669.0,-1033790648.0,-1227734621.0,-2167130950.0,-65333993.0,-431989072.0,-333112865.0,-986815348.0,-37289512.0,-260155214.0,-822905793.0,-664838604.0,-268789690.0
2025-08-04,40690.0,42030.0,39730.0,41820.0,205421,-198867487.0,-303154299.0,-104286812.0,63.4,63.8,150198086.0,413478555.0,263280469.0,28.4,26.5,-156983708.0,-415331183.0,-258347475.0,7.8,9.2,-105002227.0,-522501175.0,-417498948.0,2.7,4.6,1295059.0,-446135282.0,-447430341.0,2.3,4.0,-291042745.0,-213869523.0,77173222.0,2.4,3.1,66419642.0,1070202429.0,2143826962.0,-113948601.0,-1139735060.0,-2487776970.0,-3376455020.0,387935837.0,-725120431.0,-760988972.0,-129558522.0,-347066595.0,-1140508662.0,-1750124598.0,-2156021197.0,-106718014.0,-777907965.0,-864052743.0,-959114174.0,-345918893.0,-532963321.0,-880585812.0,-857590780.0,-272808107.0
2025-09-01,41820.0,43480.0,41810.0,43470.0,204643,-303154299.0,131445850.0,434600149.0,61.8,61.3,413478555.0,165783096.0,-247695459.0,30.4,29.7,-415331183.0,-279435636.0,135895547.0,7.4,8.5,-522501175.0,-498231517.0,24269658.0,2.6,4.6,-446135282.0,-422062107.0,24073175.0,2.2,4.0,-213869523.0,-93920852.0,119948671.0,2.1,2.5,203199806.0,798563148.0,2175567858.0,136780164.0,-395894279.0,-2255446841.0,-3206662008.0,743840781.0,-982378022.0,-806113348.0,-622307788.0,-257257591.0,-1424424613.0,-2179944447.0,-2518140617.0,-283915951.0,-1083407802.0,-1250811032.0,-1356006799.0,-305499837.0,-588861890.0,-531724061.0,-948863951.0,-55898569.0
2025-09-02,43440.0,43930.0,42310.0,42570.0,174884,131445850.0,-692367194.0,-823813044.0,64.7,64.1,165783096.0,-468895579.0,-634678675.0,29.6,29.9,-279435636.0,-126974104.0,152461532.0,5.3,5.5,-498231517.0,-212467215.0,285764302.0,1.6,2.3,-422062107.0,-130105450.0,291956657.0,1.3,1.7,-93920852.0,-104917449.0,-10996597.0,1.4,1.7,-1062943130.0,-81312361.0,1394740765.0,-1266142936.0,260564158.0,-2636356938.0,-3442926347.0,656458437.0,-978724631.0,-1134934798.0,-939408586.0,3653391.0,-1338202134.0,-2306658789.0,-2550622018.0,86222479.0,-997007780.0,-1391707340.0,-1378740536.0,86400022.0,-703750569.0,-695116093.0,-1115177901.0,-114888679.0
2025-09-03,42670.0,43200.0,42110.0,42690.0,152426,-692367194.0,-294384229.0,397982965.0,66.5,65.7,-468895579.0,-32664718.0,436230861.0,27.9,27.2,-126974104.0,-429585918.0,-302611814.0,5.2,6.7,-212467215.0,-575494336.0,-363027121.0,2.1,4.2,-130105450.0,-531015442.0,-400909992.0,1.7,3.6,-104917449.0,-45385686.0,59531763.0,1.3,1.4,-1158459872.0,-978091629.0,760534332.0,-95516742.0,77701354.0,-1449969543.0,-2883881164.0,-182862804.0,-1251326841.0,-1629380677.0,-1498084177.0,-272602210.0,-1808694243.0,-2842484891.0,-3036428864.0,-470492109.0,-1529318281.0,-1961307353.0,-1862431146.0,-532310501.0,-458093510.0,-718248724.0,-1280999303.0,245657059.0
2025-09-04,42660.0,43230.0,41690.0,43070.0,173959,-294384229.0,-559181267.0,-264797038.0,64.0,63.3,-32664718.0,129368928.0,162033646.0,30.9,29.1,-429585918.0,-694191722.0,-264605804.0,4.7,7.2,-575494336.0,-435692577.0,139801759.0,1.4,3.1,-531015442.0,-358418155.0,172597287.0,1.1,2.4,-45385686.0,-276015725.0,-230630039.0,1.4,2.5,-1414486840.0,-1348067198.0,-344284411.0,-256026968.0,-206408273.0,-1346143333.0,-2694185243.0,-284109627.0,-1530187380.0,-2255307811.0,-2291176352.0,-278860539.0,-1721885645.0,-2862394307.0,-3472010243.0,86808598.0,-1441601154.0,-2219509119.0,-2305653897.0,87717127.0,-520239712.0,-1053203033.0,-1400825524.0,-62146202.0
2025-10-01,43050.0,44720.0,42590.0,44480.0,170154,-559181267.0,1239847859.0,1799029126.0,66.8,66.2,129368928.0,422263337.0,292894409.0,27.5,27.5,-694191722.0,-67652427.0,626539295.0,5.2,5.8,-435692577.0,-275507502.0,160185075.0,1.9,3.0,-358418155.0,-213666085.0,144752070.0,1.8,2.6,-276015725.0,65085617.0,341101342.0,1.6,1.5,-306084831.0,-102885025.0,492478317.0,1108402009.0,50071968.0,-345822311.0,-2205374873.0,256480241.0,-1318404171.0,-2300782193.0,-2124517519.0,211783209.0,-1499161630.0,-2923586243.0,-3679106077.0,222724015.0,-1233205132.0,-2316612934.0,-2484016164.0,208396022.0,-361233243.0,-950095133.0,-892957304.0,159006469.0
2025-10-02,44430.0,45720.0,44250.0,44730.0,181014,1239847859.0,1058677402.0,-181170457.0,66.0,63.2,422263337.0,-429019706.0,-851283043.0,29.1,30.4,-67652427.0,-504942057.0,-437289630.0,4.5,6.0,-275507502.0,-644671941.0,-369164439.0,1.4,3.3,-213666085.0,-488226339.0,-274560254.0,1.2,2.6,65085617.0,-36365222.0,-101450839.0,1.2,1.3,1444959765.0,382016635.0,1363647404.0,1751044596.0,89947841.0,350511999.0,-2546409097.0,39875873.0,-1696372124.0,-2675096755.0,-2831306922.0,-377967953.0,-1931366356.0,-3269568490.0,-4238025145.0,-432204726.0,-1591326021.0,-2588333801.0,-2983033361.0,-358120889.0,-292681016.0,-996431585.0,-987797109.0,68552227.0
2025-10-03,44830.0,45660.0,44830.0,45050.0,137398,1058677402.0,153283869.0,-905393533.0,66.0,66.3,-429019706.0,343116476.0,772136182.0,28.9,27.9,-504942057.0,-143878510.0,361063547.0,4.7,5.3,-644671941.0,-125792044.0,518879897.0,1.4,2.0,-488226339.0,-10911085.0,477315254.0,1.2,1.2,-36365222.0,-152487276.0,-116122054.0,1.3,1.9,1892627863.0,734167991.0,914536234.0,447668098.0,465729035.0,543430389.0,-984240508.0,375781194.0,-1410664716.0,-2661991557.0,-3040045393.0,285707408.0,-1481664064.0,-3290358307.0,-4324148955.0,449702292.0,-1071221664.0,-2600539945.0,-3032529017.0,520104357.0,-399782606.0,-857876116.0,-1118031330.0,-107101590.0
2025-10-04,45130.0,45280.0,44780.0,44930.0,69508,153283869.0,643645071.0,490361202.0,64.2,62.0,343116476.0,-512482450.0,-855598926.0,30.8,32.4,-143878510.0,-171348330.0,-27469820.0,4.5,5.1,-125792044.0,-144756941.0,-18964897.0,1.4,1.9,-10911085.0,-78640830.0,-67729745.0,1.2,1.4,-152487276.0,-116556111.0,35931165.0,1.2,1.6,3095454201.0,1680967361.0,1747387003.0,1202826338.0,-176122343.0,-382530616.0,-1522265676.0,-641851378.0,-887821324.0,-2418008704.0,-3143129135.0,522843392.0,-1190728428.0,-2912614073.0,-4053122735.0,290935636.0,-791444339.0,-2233045493.0,-3010953458.0,279777325.0,-240322992.0,-760562704.0,-1293526025.0,159459614.0
