PERIOD_INDEX,OBSERVATION_WEEK,OBSERVATION_START,OBSERVATION_END,PERIOD_KEY,N225_DAY_BAR_COUNT,N225_DAY_OPEN,N225_DAY_HIGH,N225_DAY_LOW,N225_DAY_CLOSE,N225_DAY_VOLUME,N225_NIGHT_BAR_COUNT,N225_NIGHT_OPEN,N225_NIGHT_HIGH,N225_NIGHT_LOW,N225_NIGHT_CLOSE,N225_NIGHT_VOLUME,DATA_STATUS
1,2025-01-W1,2025-01-06,2025-01-10,2025-01-06__2025-01-10,2105,39660.0,40320.0,39160.0,39250.0,175369.0,3900,39470.0,40210.0,39270.0,39480.0,49412.0,DAY_DATA_AVAILABLE
2,2025-01-W2,2025-01-14,2025-01-17,2025-01-14__2025-01-17,1684,38800.0,39070.0,38070.0,38470.0,129536.0,3120,39010.0,39330.0,38230.0,38550.0,52213.0,DAY_DATA_AVAILABLE
3,2025-01-W3,2025-01-20,2025-01-24,2025-01-20__2025-01-24,2105,38770.0,40410.0,38640.0,39940.0,150687.0,3900,38780.0,39940.0,38400.0,39820.0,40901.0,DAY_DATA_AVAILABLE
4,2025-01-W4,2025-01-27,2025-01-31,2025-01-27__2025-01-31,2105,40290.0,40360.0,38890.0,39630.0,157241.0,3900,40560.0,40610.0,38660.0,39480.0,72787.0,DAY_DATA_AVAILABLE
5,2025-02-W1,2025-02-03,2025-02-07,2025-02-03__2025-02-07,2105,38610.0,39310.0,38380.0,38840.0,161418.0,3900,39570.0,39820.0,38460.0,39040.0,66017.0,DAY_DATA_AVAILABLE
6,2025-02-W2,2025-02-10,2025-02-14,2025-02-10__2025-02-14,2105,38550.0,39600.0,38540.0,39110.0,102356.0,3900,38870.0,39500.0,38350.0,39420.0,46351.0,DAY_DATA_AVAILABLE
7,2025-02-W3,2025-02-17,2025-02-21,2025-02-17__2025-02-21,2105,39150.0,39500.0,38450.0,38790.0,116950.0,3900,39200.0,39350.0,38380.0,38530.0,36679.0,DAY_DATA_AVAILABLE
8,2025-02-W4,2025-02-25,2025-02-28,2025-02-25__2025-02-28,1684,38040.0,38480.0,36840.0,37110.0,157561.0,3120,38040.0,38470.0,37580.0,38010.0,54577.0,DAY_DATA_AVAILABLE
9,2025-03-W1,2025-03-03,2025-03-07,2025-03-03__2025-03-07,2105,37680.0,37890.0,36770.0,36770.0,192710.0,3900,37330.0,38260.0,36260.0,37150.0,112342.0,DAY_DATA_AVAILABLE
10,2025-03-W2,2025-03-10,2025-03-14,2025-03-10__2025-03-14,2105,37000.0,37330.0,35980.0,36860.0,128782.0,3900,36920.0,37270.0,36110.0,36580.0,98648.0,DAY_DATA_AVAILABLE
11,2025-03-W3,2025-03-17,2025-03-21,2025-03-17__2025-03-21,2105,37270.0,37870.0,37110.0,37400.0,93939.0,3900,37230.0,37780.0,36790.0,37400.0,56262.0,DAY_DATA_AVAILABLE
12,2025-03-W4,2025-03-24,2025-03-28,2025-03-24__2025-03-28,2105,37520.0,37970.0,36900.0,37010.0,143007.0,3900,37200.0,37830.0,37100.0,37520.0,51847.0,DAY_DATA_AVAILABLE
13,2025-04-W1,2025-03-31,2025-04-04,2025-03-31__2025-04-04,2105,36090.0,36160.0,33300.0,33760.0,247085.0,3900,36410.0,36890.0,33630.0,33920.0,101170.0,DAY_DATA_AVAILABLE
14,2025-04-W2,2025-04-07,2025-04-11,2025-04-07__2025-04-11,2105,31010.0,35080.0,30650.0,33520.0,313069.0,3900,32350.0,35140.0,30790.0,33400.0,261897.0,DAY_DATA_AVAILABLE
15,2025-04-W3,2025-04-14,2025-04-18,2025-04-14__2025-04-18,2105,33980.0,34830.0,33680.0,34830.0,117036.0,3900,33040.0,34740.0,32700.0,34390.0,77947.0,DAY_DATA_AVAILABLE
16,2025-04-W4,2025-04-21,2025-04-25,2025-04-21__2025-04-25,2105,34470.0,35870.0,34070.0,35780.0,120412.0,3900,34750.0,35670.0,33860.0,35330.0,49009.0,DAY_DATA_AVAILABLE
17,2025-05-W1,2025-04-28,2025-05-02,2025-04-28__2025-05-02,2105,35950.0,37010.0,35800.0,36810.0,108809.0,3900,35820.0,37070.0,35480.0,36980.0,47359.0,DAY_DATA_AVAILABLE
18,2025-05-W2,2025-05-07,2025-05-09,2025-05-07__2025-05-09,1263,37100.0,37590.0,36700.0,37520.0,79541.0,2340,36920.0,37680.0,36590.0,37270.0,33037.0,DAY_DATA_AVAILABLE
19,2025-05-W3,2025-05-12,2025-05-16,2025-05-12__2025-05-16,2105,37760.0,38660.0,37440.0,37770.0,111281.0,3900,37440.0,38790.0,37310.0,37700.0,50148.0,DAY_DATA_AVAILABLE
20,2025-05-W4,2025-05-19,2025-05-23,2025-05-19__2025-05-23,2105,37610.0,37940.0,36830.0,37190.0,100483.0,3900,37870.0,38000.0,36710.0,37010.0,41226.0,DAY_DATA_AVAILABLE
21,2025-05-W5,2025-05-26,2025-05-30,2025-05-26__2025-05-30,2105,37200.0,38470.0,37170.0,37960.0,123468.0,3900,36730.0,38390.0,36450.0,37920.0,50246.0,DAY_DATA_AVAILABLE
22,2025-06-W1,2025-06-02,2025-06-06,2025-06-02__2025-06-06,2105,37610.0,37870.0,37330.0,37770.0,100683.0,3900,37740.0,38040.0,37280.0,37590.0,49111.0,DAY_DATA_AVAILABLE
23,2025-06-W2,2025-06-09,2025-06-13,2025-06-09__2025-06-13,2105,37970.0,38530.0,37470.0,37780.0,113281.0,3900,38060.0,38750.0,37730.0,38230.0,32519.0,DAY_DATA_AVAILABLE
24,2025-06-W3,2025-06-16,2025-06-20,2025-06-16__2025-06-20,2105,38070.0,38880.0,38000.0,38350.0,116148.0,3900,38080.0,38950.0,37850.0,38480.0,44679.0,DAY_DATA_AVAILABLE
25,2025-06-W4,2025-06-23,2025-06-27,2025-06-23__2025-06-27,2105,38180.0,40290.0,38000.0,40180.0,128683.0,3900,38290.0,39810.0,38220.0,39570.0,38567.0,DAY_DATA_AVAILABLE
26,2025-07-W1,2025-06-30,2025-07-04,2025-06-30__2025-07-04,2105,40550.0,40870.0,39430.0,39770.0,154848.0,3900,40490.0,40640.0,39570.0,40070.0,40195.0,DAY_DATA_AVAILABLE
27,2025-07-W2,2025-07-07,2025-07-11,2025-07-07__2025-07-11,2105,39760.0,39990.0,39410.0,39510.0,109940.0,3900,39790.0,40050.0,39350.0,39680.0,31670.0,DAY_DATA_AVAILABLE
28,2025-07-W3,2025-07-14,2025-07-18,2025-07-14__2025-07-18,2105,39360.0,40130.0,39290.0,39830.0,103909.0,3900,39480.0,40110.0,39130.0,39920.0,34635.0,DAY_DATA_AVAILABLE
29,2025-07-W4,2025-07-22,2025-07-25,2025-07-22__2025-07-25,1684,39780.0,42080.0,39580.0,41360.0,152684.0,3120,39910.0,41860.0,39460.0,41700.0,34580.0,DAY_DATA_AVAILABLE
30,2025-07-W5,2025-07-28,2025-08-01,2025-07-28__2025-08-01,2105,41600.0,41610.0,40560.0,40860.0,126125.0,3900,41340.0,41470.0,40480.0,40820.0,47274.0,DAY_DATA_AVAILABLE
31,2025-08-W1,2025-08-04,2025-08-08,2025-08-04__2025-08-08,2105,39870.0,42030.0,39740.0,41820.0,147992.0,3900,39980.0,41340.0,39730.0,41100.0,57313.0,DAY_DATA_AVAILABLE
32,2025-08-W2,2025-08-12,2025-08-15,2025-08-12__2025-08-15,1684,42250.0,43470.0,42190.0,43470.0,156244.0,3120,42360.0,43480.0,42230.0,42820.0,33840.0,DAY_DATA_AVAILABLE
33,2025-08-W3,2025-08-18,2025-08-22,2025-08-18__2025-08-22,2105,43510.0,43880.0,42310.0,42570.0,135334.0,3900,43350.0,43930.0,42510.0,42700.0,39403.0,DAY_DATA_AVAILABLE
34,2025-08-W4,2025-08-25,2025-08-29,2025-08-25__2025-08-29,2105,43150.0,43200.0,42110.0,42690.0,117857.0,3900,42990.0,43100.0,42170.0,42950.0,34428.0,DAY_DATA_AVAILABLE
35,2025-09-W1,2025-09-01,2025-09-05,2025-09-01__2025-09-05,2105,42250.0,43230.0,41780.0,43070.0,131157.0,3900,42110.0,42920.0,41690.0,42800.0,42668.0,DAY_DATA_AVAILABLE
36,2025-09-W2,2025-09-08,2025-09-12,2025-09-08__2025-09-12,2105,43700.0,44720.0,43340.0,44480.0,121025.0,3900,42630.0,44570.0,42590.0,44510.0,49005.0,DAY_DATA_AVAILABLE
37,2025-09-W3,2025-09-16,2025-09-19,2025-09-16__2025-09-19,1684,44640.0,45660.0,44250.0,44730.0,146095.0,3120,44410.0,45720.0,44320.0,45640.0,34778.0,DAY_DATA_AVAILABLE
38,2025-09-W4,2025-09-22,2025-09-26,2025-09-22__2025-09-26,2105,45070.0,45660.0,44970.0,45050.0,103810.0,3900,45010.0,45610.0,44830.0,45330.0,33371.0,DAY_DATA_AVAILABLE
39,2025-10-W1,2025-09-29,2025-10-03,2025-09-29__2025-10-03,842,45220.0,45250.0,44780.0,44930.0,53242.0,1560,44980.0,45280.0,44920.0,45230.0,16192.0,DAY_DATA_AVAILABLE
40,2025-10-W2,2025-10-06,2025-10-10,2025-10-06__2025-10-10,0,,,,,,0,,,,,,NO_DAY_DATA
41,2025-10-W3,2025-10-14,2025-10-17,2025-10-14__2025-10-17,0,,,,,,0,,,,,,NO_DAY_DATA
42,2025-10-W4,2025-10-20,2025-10-24,2025-10-20__2025-10-24,0,,,,,,0,,,,,,NO_DAY_DATA
43,2025-10-W5,2025-10-27,2025-10-31,2025-10-27__2025-10-31,0,,,,,,0,,,,,,NO_DAY_DATA
44,2025-11-W1,2025-11-04,2025-11-07,2025-11-04__2025-11-07,0,,,,,,0,,,,,,NO_DAY_DATA
45,2025-11-W2,2025-11-10,2025-11-14,2025-11-10__2025-11-14,0,,,,,,0,,,,,,NO_DAY_DATA
46,2025-11-W3,2025-11-17,2025-11-21,2025-11-17__2025-11-21,0,,,,,,0,,,,,,NO_DAY_DATA
47,2025-11-W4,2025-11-25,2025-11-28,2025-11-25__2025-11-28,0,,,,,,0,,,,,,NO_DAY_DATA
48,2025-12-W1,2025-12-01,2025-12-05,2025-12-01__2025-12-05,0,,,,,,0,,,,,,NO_DAY_DATA
49,2025-12-W2,2025-12-08,2025-12-12,2025-12-08__2025-12-12,0,,,,,,0,,,,,,NO_DAY_DATA
50,2025-12-W3,2025-12-15,2025-12-19,2025-12-15__2025-12-19,0,,,,,,0,,,,,,NO_DAY_DATA
51,2025-12-W4,2025-12-22,2025-12-26,2025-12-22__2025-12-26,0,,,,,,0,,,,,,NO_DAY_DATA
52,2025-12-W5,2025-12-29,2025-12-30,2025-12-29__2025-12-30,0,,,,,,0,,,,,,NO_DAY_DATA
