PERIOD_INDEX,海外投資家_PREV_NET,海外投資家_CURR_NET,海外投資家_WOW_NET,海外投資家_BUY_RATIO,海外投資家_SELL_RATIO,個人_PREV_NET,個人_CURR_NET,個人_WOW_NET,個人_BUY_RATIO,個人_SELL_RATIO,法人_PREV_NET,法人_CURR_NET,法人_WOW_NET,法人_BUY_RATIO,法人_SELL_RATIO,金融機関_PREV_NET,金融機関_CURR_NET,金融機関_WOW_NET,金融機関_BUY_RATIO,金融機関_SELL_RATIO,信託銀行_PREV_NET,信託銀行_CURR_NET,信託銀行_WOW_NET,信託銀行_BUY_RATIO,信託銀行_SELL_RATIO,投資信託_PREV_NET,投資信託_CURR_NET,投資信託_WOW_NET,投資信託_BUY_RATIO,投資信託_SELL_RATIO,海外投資家_ROLL4_NET,海外投資家_ROLL8_NET,海外投資家_ROLL12_NET,海外投資家_MOM4,個人_ROLL4_NET,個人_ROLL8_NET,個人_ROLL12_NET,個人_MOM4,法人_ROLL4_NET,法人_ROLL8_NET,法人_ROLL12_NET,法人_MOM4,金融機関_ROLL4_NET,金融機関_ROLL8_NET,金融機関_ROLL12_NET,金融機関_MOM4,信託銀行_ROLL4_NET,信託銀行_ROLL8_NET,信託銀行_ROLL12_NET,信託銀行_MOM4,投資信託_ROLL4_NET,投資信託_ROLL8_NET,投資信託_ROLL12_NET,投資信託_MOM4,N225_DAY_BAR_COUNT,N225_DAY_OPEN,N225_DAY_HIGH,N225_DAY_LOW,N225_DAY_CLOSE,N225_DAY_VOLUME,N225_NIGHT_BAR_COUNT,N225_NIGHT_OPEN,N225_NIGHT_HIGH,N225_NIGHT_LOW,N225_NIGHT_CLOSE,N225_NIGHT_VOLUME,TARGET_RETURN
1,-0.372794,0.677701,0.813624,-0.57171,-0.110876,0.504863,1.89853,1.064048,0.845189,-0.328462,-0.026056,-1.013583,-0.779341,-0.568336,0.904397,0.99486,-1.66322,-2.104042,-1.103042,1.180513,0.728771,-1.820711,-2.02128,-1.053251,1.325019,-0.128882,-0.590756,-0.352147,-0.545174,0.354038,-0.006494,-0.266293,-0.40629,0.780851,1.174658,0.96405,0.805561,1.329833,-0.611723,-0.669761,-0.869554,-0.747884,0.373566,1.191125,1.694678,-1.724697,-0.104013,0.57251,1.226237,-1.631449,-0.056143,0.067065,0.097236,-0.552173,0.408944,0.248226,0.196219,0.259625,0.036173,0.918987,0.408944,0.192446,0.16711,0.320874,0.104507,-0.169752,0.010507
2,0.666345,-0.178972,-0.645843,0.712039,1.688979,1.898264,1.252421,-0.493204,-0.52776,-1.304911,-1.126278,0.428482,1.177749,-0.291455,-0.805814,-1.714879,0.153469,1.479553,-0.749324,-0.248834,-1.881221,0.028415,1.506488,-0.867095,-0.299198,-0.660191,0.853407,1.12122,-0.157948,-1.260374,-0.010914,-0.269042,-0.408523,0.066862,1.673947,1.27731,1.044641,0.828469,-0.400806,-0.502138,-0.705633,0.399246,0.01306,0.926729,1.465514,-0.412587,-0.393383,0.328816,0.965303,-0.304166,0.270119,0.30319,0.281744,0.557625,-1.811039,-0.049463,-0.262011,-0.111832,-0.239446,-0.171707,-1.811039,0.026978,-0.163746,-0.031277,-0.218615,-0.097611,0.033644
3,-0.21765,0.794709,0.787515,-0.17671,-0.683558,1.252199,-0.874578,-1.623876,0.796156,1.497073,0.397348,0.334683,-0.032622,-1.1221,-1.457323,0.100376,0.507993,0.322497,-1.279901,-1.348331,-0.018912,0.484382,0.399724,-1.239407,-1.227322,0.844425,0.004767,-0.607503,-1.126013,-1.080995,0.363363,-0.036285,-0.219384,0.878371,1.166568,0.958974,0.801687,-0.822028,-0.24121,-0.375301,-0.581597,0.324631,-0.180916,0.784466,1.342209,-0.15653,-0.462231,0.270835,0.90322,0.023122,0.156643,0.221064,0.217571,-0.094531,0.408944,-0.059848,0.229211,0.082416,0.279989,0.331626,0.408944,-0.055755,0.065597,0.026287,0.222638,-0.388956,0.019028
4,0.787084,-0.938634,-1.332367,-0.86796,-0.2745,-0.874655,0.530402,1.072817,0.845189,0.265898,0.298243,-0.002666,-0.224556,0.077721,0.008572,0.45462,0.319171,-0.107469,0.134971,-0.248834,0.440306,0.194126,-0.193096,0.249841,-0.067167,-0.03974,-0.160847,-0.092516,0.229279,0.354038,0.063486,-0.222774,-0.370926,-0.566273,1.324139,1.057836,0.877139,0.268201,-0.266187,-0.395152,-0.601009,0.056277,-0.463586,0.577154,1.162523,-0.292907,-0.671457,0.094634,0.714554,-0.185221,-0.042648,0.076831,0.104867,-0.2218,0.408944,0.466301,0.210882,0.167613,0.170449,0.487592,0.408944,0.584531,0.3175,0.114324,0.104507,0.432281,0.011985
5,-1.00154,-0.821492,0.116755,-0.226085,0.952675,0.53023,1.341004,0.619004,-0.037421,-0.710551,-0.058185,0.911777,0.761945,0.354603,-0.561498,0.265948,0.762851,0.393049,0.488689,-0.468733,0.14798,0.919922,0.614084,0.622153,-0.531229,-0.212286,0.411549,0.463927,-0.157948,-0.542858,-0.5196,-0.38093,-0.499444,-1.17316,1.060273,1.397401,1.136294,-0.422774,0.787235,-0.017381,-0.231581,1.624172,0.676005,0.52269,1.115317,1.893967,0.654011,0.214047,0.842415,2.0925,0.476714,0.147254,0.159896,0.844002,0.408944,-0.115232,-0.174031,-0.006188,-0.108704,0.586993,0.408944,0.228417,0.020481,0.046603,-0.048368,0.257917,0.01479
6,-0.880662,0.069665,0.72289,0.613289,0.502711,1.340776,-0.036551,-1.051669,-0.135488,-0.031282,0.907977,0.095062,-0.602331,-0.937512,-0.968691,0.709278,0.286048,-0.335358,-1.45676,-1.128431,0.878951,0.313386,-0.444357,-1.239407,-1.111307,0.38407,0.168463,-0.150929,-0.738787,-0.901616,-0.422897,-0.32354,-0.452809,0.283558,0.450227,1.327911,1.08326,-0.990358,0.604811,0.005263,-0.209437,-0.172636,0.738281,0.303967,0.925741,0.237483,0.791833,0.086421,0.705759,0.329852,0.121797,0.126516,0.143691,-0.4526,0.408944,-0.136001,-0.067721,0.048338,-0.013297,-0.818513,0.408944,-0.023381,-0.099831,0.009356,0.083661,-0.248589,0.008843
7,0.038916,-0.569255,-0.475319,-0.76921,-0.06997,-0.036685,0.606772,0.491286,0.60002,0.180989,0.04507,0.458943,0.328063,0.354603,-0.235743,0.232851,0.416509,0.145189,-0.749324,-0.908532,0.268091,0.470321,0.162165,-0.680939,-0.879276,0.130808,0.573354,0.337632,0.810118,0.174659,-0.953387,-0.420687,-0.531751,-1.060454,1.151322,1.449451,1.176019,1.159342,0.672798,0.186131,-0.032563,0.191439,0.695309,0.130188,0.775119,0.075653,0.785033,0.022713,0.637545,0.11521,0.416421,0.257617,0.246134,0.510703,0.408944,0.07169,-0.10438,0.017667,-0.126372,-0.471217,0.408944,0.095323,-0.156227,0.019514,-0.225564,-0.497696,0.007329
8,-0.62038,-1.661509,-0.830328,0.810789,2.098037,0.606594,1.408705,0.612385,-1.459403,-2.323815,0.429532,0.491699,0.067112,1.185248,0.415766,0.363209,0.625666,0.207464,1.196125,0.081016,0.426145,0.445835,0.018039,1.180621,0.28088,0.552649,0.25947,-0.204309,0.810118,0.533417,-1.234537,-0.782019,-0.82537,-0.526143,1.567006,1.809118,1.450517,0.691393,0.94328,0.381241,0.158239,0.485848,0.839278,0.028463,0.686951,0.363095,0.906768,-0.050967,0.558652,0.305978,0.634215,0.271009,0.256598,0.396762,-1.811039,-0.312537,-0.478295,-0.530999,-0.720013,0.495207,-1.811039,-0.321942,-0.487083,-0.25137,-0.406234,-0.036725,0.0
9,-1.74747,-0.417547,0.999173,-0.37421,0.298182,1.408472,-0.812135,-1.695523,-1.067132,-0.201099,0.46414,2.444603,1.580328,2.661951,-0.235743,0.572201,2.415012,1.457916,2.434138,-0.908532,0.401484,2.16483,1.403108,2.297557,-0.76326,0.225625,2.028166,1.365911,2.359023,0.174659,-1.07743,-1.046928,-0.874495,0.412999,0.547966,1.004207,1.221714,-1.660929,1.781935,1.884939,1.179456,1.311921,1.615342,1.433415,1.133067,1.335007,1.50885,1.572329,1.22943,1.018885,1.471894,1.253136,0.785352,1.316084,0.408944,-0.437151,-0.694579,-0.554854,-0.840154,1.331652,0.408944,-0.577337,-0.566038,-0.698331,-0.705035,1.451037,0.024458
10,-0.463835,-2.157154,-1.337273,1.551414,1.770791,-0.812216,-0.108519,0.53732,-1.214234,-1.347366,2.527497,0.124037,-1.787475,-0.752924,-0.968691,2.360135,0.98369,-1.090698,-0.041888,-1.238381,2.132734,0.882435,-0.981278,-0.308627,-1.227322,2.06836,-0.360896,-1.768947,-1.126013,-0.722237,-1.943513,-1.525394,-1.265531,-1.779596,0.513905,0.600086,1.15237,-0.045993,1.797788,1.752559,1.213921,0.11564,1.943043,1.719427,1.151802,0.645602,1.784063,1.920168,1.340942,0.53376,1.197598,0.797757,0.614027,-0.333036,0.408944,-0.672534,-0.899866,-0.824075,-0.808352,-0.18965,0.408944,-0.724818,-0.938251,-0.749121,-0.903078,1.098342,0.007815
11,-2.258923,0.474937,2.086224,0.662664,-0.315405,-0.108648,-0.907983,-0.610293,-0.576793,0.096081,0.075683,-0.501252,-0.451473,-0.291455,0.252888,0.929943,0.518341,-0.326294,-0.218747,-0.688633,0.841196,0.27894,-0.441941,-0.680939,-0.647245,-0.420709,-0.677464,-0.206333,-1.126013,-0.1841,-1.537392,-1.602737,-1.139242,0.946609,-0.203,0.590167,0.901845,-1.165559,1.272436,1.389076,0.9825,-0.671221,1.990877,1.722992,1.031587,0.215276,1.691504,1.836492,1.189264,-0.012069,0.549464,0.541913,0.349936,-0.887457,0.408944,-0.579073,-0.701911,-0.438986,-0.617539,-1.018813,0.408944,-0.613308,-0.746505,-0.518869,-0.618174,0.006673,0.002981
12,0.457114,-2.238582,-2.099947,-0.27546,-0.192688,-0.908057,1.315387,1.697663,1.139393,-0.79546,-0.58497,-2.981709,-1.91348,-1.675863,1.9631,0.464961,-2.874226,-2.642692,-1.633619,2.060111,0.233399,-3.016357,-2.580382,-1.611719,2.253144,-0.750529,-1.053894,-0.251467,-0.157948,0.892175,-1.761835,-1.917158,-1.546283,-0.404624,-0.247165,0.823262,1.155196,-0.06256,-0.62797,0.093721,-0.303663,-2.670425,0.346883,0.622866,-0.101623,-2.386083,0.017064,0.528874,-0.399526,-2.359822,-0.131079,0.207009,-0.024462,-0.935522,0.408944,-0.492536,-0.665253,-0.510551,-0.755348,0.148864,0.408944,-0.624099,-0.727706,-0.413901,-0.576481,-0.107038,0.013814
13,-2.342947,1.311461,2.805075,1.255164,2.057132,1.315161,1.88259,0.433167,-1.704573,-2.069089,-3.205718,1.178081,3.319512,0.908367,0.008572,-2.924929,0.165595,2.447455,0.488689,0.190965,-3.085391,-0.266849,2.221775,0.435997,0.628926,-1.142717,1.975876,2.316733,1.971797,0.354038,-1.089367,-1.401257,-1.42172,1.517365,1.028197,0.984082,1.151583,2.10089,-1.320922,0.209516,0.628278,-0.914898,-0.709729,0.417111,0.444447,-1.482923,-1.158983,0.045507,0.278129,-1.62013,-0.158174,0.79365,0.727652,0.033577,0.408944,-0.987531,-1.328769,-1.737381,-1.903761,2.625621,0.408944,-0.908271,-1.081121,-1.588865,-1.827276,1.163297,0.093638
14,1.320317,0.221713,-0.828365,2.588288,2.75253,1.882325,-0.077675,-1.496572,-2.538149,-1.941726,1.189343,1.753861,0.495055,-0.106867,-1.701639,0.112493,1.560287,1.145615,0.842407,-0.908532,-0.316281,1.423024,1.379972,0.808309,-0.76326,2.013881,0.70837,-0.923319,-0.738787,-1.260374,-0.164147,-1.364481,-1.342967,2.058987,1.042795,0.971871,0.850148,0.033786,-0.429196,0.930799,1.191857,1.389081,-0.438885,0.856087,0.864513,0.558177,-0.897535,0.497458,0.886332,0.513332,0.395885,0.996122,0.685151,0.89546,0.408944,-2.745974,-1.724679,-2.640464,-1.988567,4.19585,0.408944,-2.368699,-1.739074,-2.550506,-2.007947,5.302889,0.034145
15,0.195814,0.2024,0.009897,0.070164,0.21637,-0.077806,-0.341392,-0.201246,0.109681,0.605533,1.797688,0.958142,-0.585785,-0.291455,-1.538761,1.506085,1.182727,-0.256825,-0.041888,-1.348331,1.385639,1.049969,-0.258873,0.063685,-1.111307,0.693317,0.724467,0.04449,0.035666,-0.722237,-0.270146,-1.17784,-1.459383,-0.150811,1.310952,0.69032,0.970982,0.449512,0.369282,1.147862,1.456965,1.253507,-0.126806,1.120049,1.065983,0.621582,-0.524638,0.733546,1.13299,0.67874,1.122321,1.052792,0.896048,1.151104,0.408944,-1.717908,-1.816325,-1.607883,-1.525668,-0.469171,0.408944,-2.120498,-1.889464,-1.903768,-1.663978,0.565179,0.050191
16,0.175885,0.541353,0.290456,0.119539,-0.601746,-0.341505,-0.632162,-0.2219,0.011613,0.47817,0.956965,-0.377535,-1.011311,-0.291455,0.252888,1.128822,0.06223,-0.844732,0.842407,0.520814,1.009925,0.12737,-0.695446,0.994465,0.512911,0.710088,-0.17434,-0.645327,-0.545174,-0.363479,0.811062,-0.645031,-1.168498,2.393253,0.389214,0.0843,0.707515,-1.501396,1.794104,0.769899,1.297563,2.164154,1.252527,0.925945,0.989262,2.262594,0.995781,0.603836,1.103877,2.381837,1.578078,0.890108,0.892094,0.749673,0.408944,-1.548294,-1.435078,-1.474976,-1.189978,-0.388832,0.408944,-1.505392,-1.539809,-1.510985,-1.337381,-0.180131,0.028212
17,0.525647,0.803327,0.230174,0.662664,0.257276,-0.632255,-0.19367,0.334895,-1.214234,-0.710551,-0.454256,0.104527,0.421198,1.00066,0.822959,0.00921,-0.318782,-0.259556,0.842407,1.070563,0.080748,-0.431435,-0.406438,1.180621,1.325019,-0.226344,1.468997,1.271392,2.552636,0.712796,0.613432,-0.349736,-0.849147,-0.347168,-0.593441,0.267949,0.359717,-1.601273,1.206731,-0.247619,0.954303,-0.761396,1.025002,-0.015848,0.666295,-0.208116,0.916181,-0.453613,0.514537,0.007165,1.315429,0.680413,1.201964,-0.315762,0.408944,-1.035992,-1.017173,-0.885416,-0.82602,-0.66495,0.408944,-1.120501,-1.013446,-0.962443,-0.7641,-0.222628,0.022343
18,0.795977,0.710815,-0.047425,2.687038,1.116298,-0.193793,-0.638479,-0.33951,-1.753607,-0.880368,0.055071,-0.550743,-0.475102,-1.675863,-0.561498,-0.371502,-0.754577,-0.302907,-1.633619,0.630764,-0.482041,-0.606486,-0.101573,-1.425563,0.28088,1.485783,0.447937,-0.737504,-0.9324,-1.439753,0.80366,0.343943,-0.723132,0.483972,-0.858859,0.110581,0.223304,-0.425318,-0.054188,-0.541028,0.679693,-1.740669,-0.062352,-0.614681,0.355572,-1.530192,-0.065362,-1.060044,0.113371,-1.331457,1.180481,0.983734,1.28386,-0.126375,-4.031023,-0.637919,-0.804554,-0.578709,-0.575136,-1.361444,-4.031023,-0.724818,-0.784102,-0.586591,-0.663342,-0.591497,0.008814
19,0.700515,1.365968,0.538075,0.860164,0.093653,-0.638571,-0.405533,0.17796,-0.821963,-0.413371,-0.637261,-0.5892,0.010992,-0.014573,0.578643,-0.806953,-1.154606,-0.274604,-0.218747,0.740714,-0.658339,-0.704564,-0.040424,-0.122471,0.512911,0.421981,0.28404,-0.091221,-0.351561,-0.542858,1.256209,0.559458,-0.342772,1.046102,-0.889216,0.25978,-0.006111,-0.03992,-0.900785,-0.579271,0.234001,-1.138284,-1.16026,-1.191012,-0.113551,-1.54642,-0.913917,-1.460622,-0.399008,-1.134082,0.952266,1.34431,1.199081,-0.264695,0.408944,-0.409459,-0.41231,-0.326527,-0.486797,-0.606123,0.408944,-0.537768,-0.366772,-0.342794,-0.513941,-0.150796,0.009775
20,1.376562,0.53369,-0.626739,-0.96671,-0.151782,-0.405642,0.068768,0.362236,0.060647,0.520624,-0.677893,1.969215,2.057514,1.831306,-0.642937,-1.206666,0.331031,1.217581,0.134971,-0.138884,-0.757117,0.461179,0.963589,0.249841,-0.299198,0.251224,0.7412,0.377041,0.035666,-0.722237,1.253229,1.229991,0.088684,0.069947,-0.557479,-0.110394,-0.309776,0.553755,0.383192,1.573504,0.862271,1.959378,-1.033998,-0.0868,-0.201527,0.33587,-0.752475,-0.044235,-0.392317,0.364908,1.426669,2.017492,1.340244,0.777326,0.408944,-0.461382,-0.67625,-0.534406,-0.691744,-0.863085,0.408944,-0.383093,-0.663791,-0.545958,-0.753677,-0.380586,0.021254
21,0.517741,1.349468,0.66386,0.514539,-0.397217,0.068627,-0.636481,-0.538358,-1.116166,-0.49828,2.025221,-0.632733,-2.009223,1.185248,1.718784,0.277798,-0.076991,-0.280929,2.434138,1.510362,0.416937,0.175097,-0.189779,2.483713,1.209004,0.727521,-1.627878,-1.753879,0.229279,1.78907,1.465642,1.239184,0.435983,0.531512,-0.767053,-0.858414,-0.269968,-0.333757,-0.020185,0.786121,-0.446276,-0.493882,-0.920422,-0.170371,-0.94562,0.316363,-0.459134,0.135769,-1.260059,0.560666,-0.178032,0.666041,0.268894,-2.306098,0.408944,-0.603304,-0.481961,-0.418539,-0.419659,-0.316108,0.408944,-0.793163,-0.517161,-0.633995,-0.437504,-0.148272,0.011787
22,1.359536,0.813126,-0.39499,-0.917335,-0.888087,-0.636573,0.575778,0.925672,0.501952,0.180989,-0.723888,-0.493831,0.150763,0.723779,1.393029,-0.129901,-1.389884,-0.996983,0.665548,2.060111,0.128816,-1.553639,-1.335864,0.435997,2.137128,-1.740728,0.075709,1.31682,0.229279,0.174659,1.505434,1.38223,1.019779,0.161604,-0.192368,-0.664376,-0.114888,0.952085,0.010953,-0.191227,-0.709006,0.137865,-1.218843,-1.186706,-1.654352,-0.317126,-0.917212,-1.076615,-2.322456,-0.554554,-0.370908,0.428785,0.396835,-0.212286,0.408944,-0.461382,-0.701911,-0.364013,-0.486797,-0.858325,0.408944,-0.429855,-0.648752,-0.352952,-0.55216,-0.177504,0.008273
23,0.806089,0.077716,-0.550882,-0.719835,-0.2745,0.575603,0.188095,-0.295895,0.943257,0.860258,-0.577129,0.659586,0.950274,-0.383748,-1.131568,-1.441759,0.331506,1.404141,-0.572465,-0.688633,-1.612245,0.510919,1.677633,-0.680939,-0.879276,0.034172,0.205199,0.129985,-0.738787,-0.901616,1.00439,1.352072,0.941707,-0.997353,0.088585,-0.507148,0.133512,0.470492,0.694202,-0.321046,-0.215393,1.085973,-0.520776,-1.479952,-1.710139,1.215078,-0.329361,-1.296168,-2.221287,0.997764,-0.411761,0.234053,0.655486,0.013173,0.408944,-0.336768,-0.459966,-0.316303,-0.483263,-0.558529,0.408944,-0.314747,-0.381811,-0.20058,-0.329797,-0.604838,0.009211
24,0.047224,0.050047,0.003354,-0.57171,-0.397217,0.187946,-0.346291,-0.407903,0.060647,0.308352,0.641522,0.592562,-0.011521,1.00066,0.252888,0.278273,0.141509,-0.1084,0.665548,0.190965,0.467031,0.132662,-0.263006,0.808309,0.28088,0.169082,0.654208,0.370896,1.197344,0.533417,0.816285,1.23324,1.391526,-0.326756,-0.107854,-0.422261,-0.243068,-0.312223,-0.059006,0.100774,1.304461,-1.002504,-0.609799,-1.45264,-0.809664,0.004845,-0.488243,-1.294013,-0.847968,-0.110503,-0.456837,0.544769,1.156021,0.00691,0.408944,-0.302153,-0.331662,-0.135687,-0.281849,-0.490303,0.408944,-0.307553,-0.306616,-0.159947,-0.242936,-0.291652,0.057368
25,0.018673,0.668524,0.509353,-1.016085,-1.338051,-0.346403,-1.185611,-0.640723,0.992291,1.66689,0.570708,0.41613,-0.097743,-0.014573,-0.480059,0.088426,0.532551,0.351395,0.31183,-0.358783,0.086078,0.40897,0.256998,0.249841,-0.299198,0.636888,1.068129,0.34444,0.810118,-0.363479,0.551444,1.200635,1.26516,-0.491195,-0.367747,-0.716811,-0.938404,-0.416259,0.514858,0.236266,0.980463,0.926938,-0.323481,-1.159356,-0.700093,0.581971,-0.375134,-0.951719,-0.553237,0.293174,0.940146,0.394438,0.890019,2.145564,0.408944,-0.264076,0.185221,-0.135687,0.364795,-0.192006,0.408944,-0.232014,0.016721,-0.034663,0.135777,-0.44907,0.008623
26,0.656874,1.174932,0.421591,-1.26296,-1.174427,-1.185666,0.056458,0.948432,0.845189,0.987621,0.384297,0.328865,-0.027472,0.816073,0.497204,0.479159,0.920466,0.34892,1.549843,0.081016,0.364356,1.016969,0.520502,1.739089,0.164864,1.068135,-0.871273,-1.429913,0.422892,1.250933,0.692162,1.312891,1.452511,0.377878,-0.613532,-0.510454,-0.908006,-0.393127,0.96498,0.61874,0.374525,0.747028,0.761752,-0.582303,-0.891139,1.810387,0.868104,-0.290492,-0.730322,1.970458,0.449451,-0.100281,0.427127,-0.653968,0.408944,0.5563,0.39784,0.351637,0.219919,0.430646,0.408944,0.559351,0.328779,0.422456,0.309499,-0.40714,0.002537
27,1.179433,0.824182,-0.249652,-0.17671,-0.56084,0.056318,0.041919,-0.010997,0.256783,0.265898,0.292097,-0.63431,-0.717753,-0.199161,0.660082,0.866768,0.624687,-0.192108,-0.218747,-0.798582,0.976689,0.464285,-0.401575,-0.494783,-0.76326,-0.952451,-2.880559,-1.482604,-0.351561,2.865344,0.982487,1.181849,1.574719,0.698471,-0.682714,-0.377587,-0.821137,-0.103577,0.25705,0.599125,-0.302618,-0.936673,0.899467,0.030664,-1.057766,0.353478,0.84555,0.185576,-0.985744,0.09183,-1.149489,-1.287043,-0.629273,-2.297555,0.408944,0.282841,0.075246,0.344822,0.128046,-0.638035,0.408944,0.307553,0.106955,0.347962,0.173996,-0.626705,0.013744
28,0.817497,0.293756,-0.390358,-1.411085,-1.010804,0.04178,-0.008192,-0.038156,1.678766,1.66689,-0.725554,0.626442,1.034862,-0.476042,-1.131568,0.571222,0.54959,-0.017476,-0.395606,-0.798582,0.420065,0.676392,0.205995,-0.308627,-0.995291,-3.045846,0.633723,2.682044,-0.545174,-1.260374,1.077273,1.123815,1.526055,0.279451,-0.522698,-0.400439,-0.679729,0.272208,0.275587,0.015257,0.124293,0.119542,1.091154,0.105957,-0.912244,0.436466,1.108517,0.273231,-0.74631,0.515586,-1.160104,-1.327348,-0.392482,0.058018,0.408944,0.144381,0.126568,0.303927,0.24112,-0.781556,0.408944,0.196043,0.129513,0.273469,0.257382,-0.55034,0.044972
29,0.270154,1.314583,0.824436,0.810789,-0.888087,-0.008328,-2.651978,-2.018445,-0.723895,1.157439,0.606503,0.230468,-0.270757,-0.199161,-0.561498,0.496185,0.749162,0.199879,-0.218747,-1.018482,0.633684,0.804285,0.139094,-0.122471,-0.995291,0.615545,0.067747,-0.394381,-0.351561,-0.363479,1.328547,1.115378,1.62654,0.614788,-1.216702,-0.998926,-1.236847,-1.128011,0.174006,0.390596,0.177846,-0.055097,1.192902,0.390567,-0.593364,0.298176,1.299706,0.529497,-0.2074,0.409056,-1.678469,-0.691469,-0.803098,-0.695004,-1.811039,0.289764,0.841406,0.402755,0.781757,0.379149,-1.811039,0.350718,0.787466,0.385209,0.875831,-0.551756,0.007396
30,1.323539,-0.633148,-1.500256,-0.423585,-0.151782,-2.651933,0.257172,2.221261,-0.184522,-0.413371,0.188135,-0.154339,-0.261957,1.092954,1.067275,0.695599,-0.879625,-1.246958,0.31183,0.960613,0.76249,0.165588,-0.469907,0.435997,0.048849,0.025877,0.636976,0.461539,1.971797,1.250933,0.625326,0.765566,1.36239,-1.4306,-1.121708,-1.093534,-1.033868,0.165601,-0.090369,0.538215,0.346405,-0.291786,0.347351,0.566351,-0.630702,-1.158395,0.887948,1.229732,0.129309,-0.485809,-0.896943,-0.480987,-0.747703,1.232806,0.408944,0.919758,0.669111,0.736726,0.605078,-0.252879,0.408944,0.865106,0.640837,0.730587,0.570081,-0.224817,0.05234
31,-0.686311,-0.180733,0.379309,0.810789,0.257276,0.257018,-1.1537,-1.077107,-0.135488,0.308352,-0.218436,-0.021122,0.146283,-1.214394,-1.213007,-0.931902,-0.007158,0.732361,-0.926183,-0.798582,0.119238,0.090371,-0.022262,-0.867095,-0.76326,0.618934,-0.04281,-0.480191,-1.126013,-1.080995,0.234481,0.703054,1.058393,-0.761207,-1.687572,-1.49197,-1.203423,-0.917918,0.245124,0.242228,0.587964,0.580369,0.050556,0.449681,-0.288083,-0.314625,0.707109,1.058444,0.475988,-0.143088,0.573486,-0.573993,-0.843481,2.254488,0.408944,0.320918,0.823076,0.457281,0.944302,0.267493,0.408944,0.375898,0.59196,0.476633,0.667365,0.033742,0.030339
32,-0.219468,1.244166,1.140866,-0.07796,-1.460768,-1.153757,-2.432965,-0.976624,0.550986,1.794253,-0.077685,-0.334604,-0.205748,-0.937512,-0.561498,-0.060124,-0.372545,-0.247191,-1.103042,-0.468733,0.043486,-0.369521,-0.327859,-0.867095,-0.415213,-0.089308,0.293669,0.286051,-0.157948,-0.542858,0.604127,0.991877,1.198034,0.868447,-2.835171,-2.111592,-1.770382,-1.87171,-0.280693,-0.160925,-0.391667,-0.671898,-0.382595,0.27259,-0.498165,-0.524288,0.201269,0.853907,0.113712,-0.625442,0.397281,-0.7092,-0.974624,-0.187561,-1.811039,1.144756,1.350957,1.292207,1.527342,0.463867,-1.811039,1.232011,1.396543,1.323148,1.264967,-0.570815,0.006145
33,1.250875,-0.656921,-1.463728,-1.26296,-0.806275,-2.432935,0.548545,2.276508,1.629732,0.902713,-0.408897,-0.410789,-0.01874,-0.66063,-0.235743,-0.425222,0.466229,0.705699,-0.395606,-0.798582,-0.419685,0.632696,0.83368,-0.308627,-0.879276,0.261256,-1.816721,-1.558834,-1.126013,0.712796,-0.162656,0.67129,0.803687,-1.566805,-1.320424,-1.596648,-1.501824,2.493376,-0.631544,-0.520488,-0.297292,-0.417513,-0.515496,0.249742,-0.335964,-0.062622,0.118282,0.94503,0.313275,0.002138,-0.579189,-1.791053,-1.029961,-1.374398,0.408944,1.580905,1.501256,1.333101,1.20932,-0.033731,0.408944,1.588125,1.565731,1.417958,1.223274,-0.427538,0.013773
34,-0.710842,-0.913518,-0.175921,-0.86796,-0.397217,0.548371,1.163944,0.469965,0.158715,-0.79546,-0.489391,-1.157563,-0.547213,1.369836,2.288854,0.41289,-1.341773,-1.388777,1.019266,1.730261,0.589677,-1.426171,-1.598129,0.808309,1.789082,-1.937475,-1.275664,0.440298,1.003731,1.968449,-0.271701,0.166154,0.464323,-0.15734,-0.891266,-1.267788,-1.36853,0.713484,-1.180438,-1.16682,-0.579524,-0.70545,-0.73258,-0.5296,-0.321598,-0.192061,-0.651549,-0.050052,0.368865,-1.017245,-1.570257,-1.942704,-1.425961,-1.396048,0.408944,1.456291,1.251979,1.264944,1.251723,-0.449633,0.408944,1.458629,1.253673,1.302832,1.310135,-0.555671,0.030876
35,-0.975623,0.155814,0.86242,-1.65796,-1.419862,1.163728,0.584974,-0.441944,1.139393,0.563078,-1.278401,-0.764746,0.350867,1.00066,1.718784,-1.393686,-1.236672,0.125121,0.842407,1.730261,-1.483868,-1.315398,0.125493,0.622153,1.789082,-1.37377,-0.434712,0.666413,0.422892,0.892175,-0.140807,0.004495,0.479673,0.356827,-0.068385,-1.106532,-1.278587,1.359019,-1.587297,-1.223537,-1.18518,-0.498944,-1.310115,-1.170838,-0.789845,-0.746293,-1.331429,-0.77491,-0.42761,-0.883743,-1.773327,-1.025482,-1.613478,-0.227404,0.408944,1.144756,1.262976,1.152485,1.385999,-0.133132,0.408944,1.142083,1.185998,1.140301,1.258018,-0.343447,0.026304
36,0.127813,-1.871176,-1.562323,-0.226085,-0.2745,0.584797,-0.898542,-1.13257,0.747122,0.647987,-0.863367,-0.324043,0.388604,-0.937512,-0.724375,-1.288667,0.000846,1.021237,-0.926183,-0.798582,-1.372305,0.028052,1.104764,-1.053251,-0.879276,-0.497615,-0.511808,-0.025776,-0.9324,-0.542858,-1.352465,-0.51914,0.102065,-2.52013,0.657829,-1.370915,-1.403741,1.200526,-1.581519,-1.636829,-1.574939,0.100993,-1.134723,-1.359881,-0.831845,0.411411,-1.139149,-1.038976,-0.473231,0.410677,-2.190699,-1.45507,-1.955162,-0.545225,0.408944,1.646674,1.809186,1.684111,1.884233,-0.374244,0.408944,1.329133,1.806354,1.445046,1.852146,-0.180234,0.010847
37,-1.963823,-0.89194,0.791865,0.662664,0.379993,-0.898616,0.121116,0.77862,-0.086454,-0.49828,-0.397739,-1.198767,-0.648047,-1.029806,0.252888,-0.052126,-1.571263,-1.202107,-0.041888,1.290463,-0.019278,-1.81675,-1.42807,-0.308627,1.325019,-0.577938,-0.094435,0.347043,-1.126013,-1.080995,-1.443872,-1.052835,-0.204637,-0.119542,0.455535,-0.547465,-1.107602,-0.321822,-2.012645,-2.258294,-2.261627,-0.534227,-2.091788,-2.159267,-1.460028,-1.329859,-2.323789,-2.106514,-1.443891,-1.632884,-1.298267,-1.51589,-2.295834,1.397287,-1.811039,1.972055,2.153774,1.994226,1.972573,0.22235,-1.811039,1.969419,2.238723,2.030835,2.244756,-0.546657,0.001779
38,-0.953357,-1.543472,-0.485197,-0.57171,-0.601746,0.120972,0.499858,0.289276,1.384562,0.308352,-1.321936,-1.963632,-0.56147,-1.491276,0.660082,-1.622994,-0.965843,0.521038,-1.279901,0.081016,-1.877232,-1.022538,0.668436,-1.425563,-0.067167,-0.143094,-1.711367,-1.186778,-0.9324,0.892175,-1.688881,-1.273016,-0.738927,-0.448698,0.141236,-0.475401,-1.007116,-0.505461,-2.45367,-3.045015,-3.236444,-0.548617,-1.915204,-2.18897,-2.023266,0.413244,-2.128577,-2.590433,-2.33334,0.415027,-1.524034,-2.396547,-2.542011,-0.261065,0.408944,2.1209,2.153774,2.239592,2.085647,-0.783912,0.408944,2.185246,2.197366,2.203524,2.137049,-0.582895,0.00335
