DATE,DECISION_TIME,LATEST_ALLOWED_BAR,N225_LAST_CLOSE,N225_RETURN_1M_PCT,N225_RETURN_5M_PCT,N225_RETURN_10M_PCT,N225_HIGH_10M,N225_LOW_10M,N225_RANGE_10M_PCT,N225_VOLUME_5M,N225_VOLUME_10M,N225_DIRECTION,N225_PERSISTENCE,N225_NIGHT_OPEN,N225_NIGHT_HIGH,N225_NIGHT_LOW,N225_NIGHT_CLOSE,N225_NIGHT_RETURN_PCT,N225_NIGHT_RANGE_PCT,PIT_BAR_COUNT,NIGHT_BAR_COUNT,POINT_IN_TIME_STATUS,DATA_STATUS
2025-01-03,09:10:00,09:09:00,39350.000000,0.025419,0.101755,-0.025407,39360.000000,39280.000000,0.203666,54.000000,272.000000,UP_MIXED,MIXED,39930.000000,39990.000000,39280.000000,39530.000000,-1.001753,1.807536,386,780,PASS,09:09_OR_EARLIER_ONLY
2025-01-06,09:10:00,09:09:00,39980.000000,0.000000,0.125219,0.351406,40010.000000,39850.000000,0.401506,1551.000000,4106.000000,UP_MIXED,MIXED,39330.000000,39640.000000,39270.000000,39590.000000,0.661073,0.942195,386,780,PASS,09:09_OR_EARLIER_ONLY
2025-01-07,09:10:00,09:09:00,39640.000000,-0.050429,-0.176278,-0.151134,39800.000000,39630.000000,0.428968,677.000000,2092.000000,DOWN,DOWN_PERSISTENT,39360.000000,39850.000000,39340.000000,39630.000000,0.685976,1.296390,386,780,PASS,09:09_OR_EARLIER_ONLY
2025-01-08,09:10:00,09:09:00,39830.000000,0.050239,0.025113,-0.025100,39880.000000,39770.000000,0.276590,487.000000,1224.000000,UP_MIXED,MIXED,40000.000000,40210.000000,39650.000000,39750.000000,-0.625000,1.412358,386,780,PASS,09:09_OR_EARLIER_ONLY
2025-01-09,09:10:00,09:09:00,39900.000000,-0.025056,0.100351,0.125471,39930.000000,39820.000000,0.276243,677.000000,1588.000000,UP_MIXED,MIXED,39960.000000,40060.000000,39720.000000,39970.000000,0.025025,0.855992,386,780,PASS,09:09_OR_EARLIER_ONLY
2025-01-10,09:10:00,09:09:00,39380.000000,-0.050761,0.076239,0.101678,39460.000000,39250.000000,0.535032,773.000000,2692.000000,UP_MIXED,MIXED,39480.000000,39610.000000,39420.000000,39530.000000,0.126646,0.481989,386,780,PASS,09:09_OR_EARLIER_ONLY
2025-01-14,09:10:00,09:09:00,38970.000000,-0.076923,-0.051295,0.051348,39040.000000,38850.000000,0.489060,1198.000000,3972.000000,DOWN_MIXED,MIXED,39280.000000,39330.000000,38630.000000,38790.000000,-1.247454,1.812063,386,780,PASS,09:09_OR_EARLIER_ONLY
2025-01-15,09:10:00,09:09:00,38690.000000,0.051720,-0.129066,-0.232078,38810.000000,38640.000000,0.439959,896.000000,1934.000000,DOWN_MIXED,MIXED,38540.000000,38820.000000,38470.000000,38670.000000,0.337312,0.909800,386,780,PASS,09:09_OR_EARLIER_ONLY
2025-01-16,09:10:00,09:09:00,38690.000000,0.051720,0.000000,-0.180599,38770.000000,38650.000000,0.310479,792.000000,1612.000000,FLAT_MIXED,MIXED,38330.000000,38840.000000,38230.000000,38790.000000,1.200104,1.595606,386,780,PASS,09:09_OR_EARLIER_ONLY
2025-01-17,09:10:00,09:09:00,38400.000000,-0.078064,-0.233827,-0.207900,38510.000000,38380.000000,0.338718,743.000000,1593.000000,DOWN,DOWN_PERSISTENT,38780.000000,38780.000000,38360.000000,38380.000000,-1.031460,1.094891,386,780,PASS,09:09_OR_EARLIER_ONLY
2025-01-20,09:10:00,09:09:00,38840.000000,0.000000,-0.051467,0.309917,38890.000000,38730.000000,0.413116,872.000000,2110.000000,FLAT_MIXED,MIXED,38470.000000,38920.000000,38400.000000,38840.000000,0.961788,1.354167,386,780,PASS,09:09_OR_EARLIER_ONLY
2025-01-21,09:10:00,09:09:00,39090.000000,0.051190,-0.255167,-0.204238,39250.000000,39040.000000,0.537910,1005.000000,2511.000000,DOWN_MIXED,MIXED,38920.000000,39100.000000,38770.000000,38950.000000,0.077081,0.851174,386,780,PASS,09:09_OR_EARLIER_ONLY
2025-01-22,09:10:00,09:09:00,39390.000000,-0.025381,-0.152091,0.127097,39490.000000,39350.000000,0.355781,737.000000,2229.000000,DOWN_MIXED,MIXED,39020.000000,39270.000000,38960.000000,39260.000000,0.615069,0.795688,386,780,PASS,09:09_OR_EARLIER_ONLY
2025-01-23,09:10:00,09:09:00,39870.000000,-0.025075,0.050188,0.175879,39900.000000,39800.000000,0.251256,757.000000,2361.000000,UP_MIXED,MIXED,39580.000000,39940.000000,39500.000000,39800.000000,0.555836,1.113924,386,780,PASS,09:09_OR_EARLIER_ONLY
2025-01-24,09:10:00,09:09:00,40110.000000,0.099825,0.174825,0.300075,40120.000000,39980.000000,0.350175,682.000000,2233.000000,UP,UP_PERSISTENT,39860.000000,39900.000000,39710.000000,39900.000000,0.100351,0.478469,386,780,PASS,09:09_OR_EARLIER_ONLY
2025-01-27,09:10:00,09:09:00,40270.000000,0.000000,0.199054,0.174129,40280.000000,40140.000000,0.348779,873.000000,2342.000000,UP_MIXED,MIXED,40040.000000,40610.000000,39890.000000,40460.000000,1.048951,1.804964,386,780,PASS,09:09_OR_EARLIER_ONLY
2025-01-28,09:10:00,09:09:00,39060.000000,-0.076746,0.153846,-0.255363,39160.000000,38950.000000,0.539153,1596.000000,3473.000000,DOWN_MIXED,MIXED,39410.000000,39450.000000,38660.000000,39010.000000,-1.014971,2.043456,386,780,PASS,09:09_OR_EARLIER_ONLY
2025-01-29,09:10:00,09:09:00,39330.000000,-0.177665,-0.253614,-0.101600,39460.000000,39330.000000,0.330536,751.000000,1490.000000,DOWN,DOWN_PERSISTENT,39170.000000,39430.000000,38940.000000,39410.000000,0.612714,1.258346,386,780,PASS,09:09_OR_EARLIER_ONLY
2025-01-30,09:10:00,09:09:00,39290.000000,0.101911,0.101911,0.000000,39310.000000,39210.000000,0.255037,728.000000,1426.000000,UP_MIXED,MIXED,39560.000000,39610.000000,39130.000000,39280.000000,-0.707786,1.226680,386,780,PASS,09:09_OR_EARLIER_ONLY
2025-01-31,09:10:00,09:09:00,39550.000000,0.000000,-0.126263,-0.201867,39660.000000,39530.000000,0.328864,496.000000,1272.000000,DOWN_MIXED,MIXED,39480.000000,39710.000000,39350.000000,39570.000000,0.227964,0.914867,386,780,PASS,09:09_OR_EARLIER_ONLY
2025-02-03,09:10:00,09:09:00,38700.000000,-0.077459,0.311042,0.207147,38780.000000,38410.000000,0.963291,1645.000000,4989.000000,UP_MIXED,MIXED,39650.000000,39820.000000,39340.000000,39380.000000,-0.680958,1.220132,386,780,PASS,09:09_OR_EARLIER_ONLY
2025-02-04,09:10:00,09:09:00,39140.000000,0.000000,-0.051073,-0.305655,39310.000000,39100.000000,0.537084,995.000000,3221.000000,DOWN_MIXED,MIXED,38630.000000,39150.000000,38460.000000,38920.000000,0.750712,1.794072,386,780,PASS,09:09_OR_EARLIER_ONLY
2025-02-05,09:10:00,09:09:00,39080.000000,0.025595,0.179441,0.256542,39080.000000,38960.000000,0.308008,597.000000,1424.000000,UP,UP_PERSISTENT,38820.000000,39130.000000,38700.000000,39100.000000,0.721278,1.111111,386,780,PASS,09:09_OR_EARLIER_ONLY
2025-02-06,09:10:00,09:09:00,39090.000000,0.025589,0.179395,0.488432,39100.000000,38890.000000,0.539985,1163.000000,2345.000000,UP,UP_PERSISTENT,38770.000000,38960.000000,38570.000000,38960.000000,0.490070,1.011149,386,780,PASS,09:09_OR_EARLIER_ONLY
2025-02-07,09:10:00,09:09:00,38900.000000,0.000000,-0.077061,-0.025700,38940.000000,38870.000000,0.180087,411.000000,1036.000000,DOWN_MIXED,MIXED,39070.000000,39160.000000,38830.000000,38970.000000,-0.255951,0.849858,386,780,PASS,09:09_OR_EARLIER_ONLY
2025-02-10,09:10:00,09:09:00,38640.000000,0.000000,-0.051733,-0.258131,38760.000000,38610.000000,0.388500,687.000000,2129.000000,DOWN_MIXED,MIXED,38870.000000,38940.000000,38350.000000,38420.000000,-1.157705,1.538462,386,780,PASS,09:09_OR_EARLIER_ONLY
2025-02-11,09:10:00,09:09:00,38790.000000,0.051586,0.000000,-0.128733,38840.000000,38770.000000,0.180552,53.000000,283.000000,FLAT_MIXED,MIXED,38820.000000,38960.000000,38790.000000,38900.000000,0.206079,0.438257,386,780,PASS,09:09_OR_EARLIER_ONLY
2025-02-12,09:10:00,09:09:00,38980.000000,-0.051282,-0.255885,-0.153689,39100.000000,38980.000000,0.307850,872.000000,2077.000000,DOWN,DOWN_PERSISTENT,38780.000000,39080.000000,38760.000000,39050.000000,0.696235,0.825593,386,780,PASS,09:09_OR_EARLIER_ONLY
2025-02-13,09:10:00,09:09:00,39150.000000,0.025549,0.076687,-0.102067,39220.000000,39110.000000,0.281258,358.000000,1311.000000,UP_MIXED,MIXED,39010.000000,39220.000000,38760.000000,39150.000000,0.358882,1.186791,386,780,PASS,09:09_OR_EARLIER_ONLY
2025-02-14,09:10:00,09:09:00,39450.000000,-0.050671,-0.252845,-0.177126,39590.000000,39440.000000,0.380325,666.000000,2174.000000,DOWN,DOWN_PERSISTENT,39420.000000,39500.000000,39260.000000,39460.000000,0.101471,0.611309,386,780,PASS,09:09_OR_EARLIER_ONLY
2025-02-17,09:10:00,09:09:00,39130.000000,0.051138,0.281907,0.127943,39140.000000,38990.000000,0.384714,662.000000,1669.000000,UP,UP_PERSISTENT,39160.000000,39230.000000,38990.000000,39120.000000,-0.102145,0.615542,386,780,PASS,09:09_OR_EARLIER_ONLY
2025-02-18,09:10:00,09:09:00,39270.000000,-0.050904,-0.050904,0.306513,39320.000000,39140.000000,0.459888,985.000000,2050.000000,DOWN_MIXED,MIXED,39170.000000,39200.000000,39140.000000,39180.000000,0.025530,0.153296,386,780,PASS,09:09_OR_EARLIER_ONLY
2025-02-19,09:10:00,09:09:00,39230.000000,-0.025484,0.102067,0.076531,39240.000000,39160.000000,0.204290,415.000000,1101.000000,UP_MIXED,MIXED,39330.000000,39350.000000,39160.000000,39270.000000,-0.152555,0.485189,386,780,PASS,09:09_OR_EARLIER_ONLY
2025-02-20,09:10:00,09:09:00,38870.000000,-0.025720,-0.205392,-0.102801,38950.000000,38850.000000,0.257400,994.000000,2201.000000,DOWN,DOWN_PERSISTENT,39180.000000,39180.000000,38750.000000,38970.000000,-0.535988,1.109677,386,780,PASS,09:09_OR_EARLIER_ONLY
2025-02-21,09:10:00,09:09:00,38610.000000,0.025907,0.051827,0.155642,38620.000000,38490.000000,0.337750,530.000000,2070.000000,UP,UP_PERSISTENT,38730.000000,38800.000000,38380.000000,38550.000000,-0.464756,1.094320,386,780,PASS,09:09_OR_EARLIER_ONLY
2025-02-24,09:10:00,09:09:00,38300.000000,0.052247,0.104548,-0.052192,38320.000000,38250.000000,0.183007,78.000000,386.000000,UP_MIXED,MIXED,38810.000000,38870.000000,38050.000000,38180.000000,-1.623293,2.155059,386,780,PASS,09:09_OR_EARLIER_ONLY
2025-02-25,09:10:00,09:09:00,38160.000000,-0.026199,0.026212,0.131199,38200.000000,38080.000000,0.315126,1202.000000,2678.000000,UP_MIXED,MIXED,38340.000000,38370.000000,37870.000000,38070.000000,-0.704225,1.320306,386,780,PASS,09:09_OR_EARLIER_ONLY
2025-02-26,09:10:00,09:09:00,37960.000000,0.026350,-0.262743,-0.315126,38100.000000,37940.000000,0.421719,1098.000000,2710.000000,DOWN_MIXED,MIXED,38050.000000,38320.000000,37670.000000,37960.000000,-0.236531,1.725511,386,780,PASS,09:09_OR_EARLIER_ONLY
2025-02-27,09:10:00,09:09:00,38230.000000,0.078534,0.078534,-0.130617,38320.000000,38180.000000,0.366684,622.000000,2342.000000,UP_MIXED,MIXED,38210.000000,38470.000000,37920.000000,38090.000000,-0.314054,1.450422,386,780,PASS,09:09_OR_EARLIER_ONLY
2025-02-28,09:10:00,09:09:00,37650.000000,0.000000,0.000000,-0.079618,37720.000000,37630.000000,0.239171,907.000000,2620.000000,DOWN_MIXED,MIXED,38250.000000,38400.000000,37580.000000,37600.000000,-1.699346,2.182012,386,780,PASS,09:09_OR_EARLIER_ONLY
2025-03-03,09:10:00,09:09:00,37600.000000,0.079851,0.026603,-0.318134,37790.000000,37540.000000,0.665956,1067.000000,3800.000000,UP_MIXED,MIXED,37230.000000,37540.000000,37040.000000,37520.000000,0.778942,1.349892,386,780,PASS,09:09_OR_EARLIER_ONLY
2025-03-04,09:10:00,09:09:00,37270.000000,-0.240899,-0.080429,-0.187467,37430.000000,37270.000000,0.429300,1341.000000,3117.000000,DOWN,DOWN_PERSISTENT,37820.000000,38260.000000,37090.000000,37220.000000,-1.586462,3.154489,386,780,PASS,09:09_OR_EARLIER_ONLY
2025-03-05,09:10:00,09:09:00,37430.000000,0.026724,0.106980,0.241028,37440.000000,37310.000000,0.348432,817.000000,2738.000000,UP,UP_PERSISTENT,37310.000000,37550.000000,36260.000000,36960.000000,-0.938086,3.557639,386,780,PASS,09:09_OR_EARLIER_ONLY
2025-03-06,09:10:00,09:09:00,37710.000000,-0.026511,-0.026511,0.159363,37750.000000,37620.000000,0.345561,690.000000,1722.000000,DOWN_MIXED,MIXED,37410.000000,37830.000000,37100.000000,37740.000000,0.882117,1.967655,386,780,PASS,09:09_OR_EARLIER_ONLY
2025-03-07,09:10:00,09:09:00,36960.000000,-0.108108,0.027064,-0.215983,37070.000000,36900.000000,0.460705,889.000000,2040.000000,DOWN_MIXED,MIXED,37610.000000,37640.000000,36840.000000,36950.000000,-1.754852,2.171553,386,780,PASS,09:09_OR_EARLIER_ONLY
2025-03-10,09:10:00,09:09:00,36920.000000,0.162778,0.027093,-0.162250,37020.000000,36840.000000,0.488599,750.000000,2066.000000,UP_MIXED,MIXED,36870.000000,37270.000000,36470.000000,37270.000000,1.084893,2.193584,386,780,PASS,09:09_OR_EARLIER_ONLY
2025-03-11,09:10:00,09:09:00,36310.000000,0.082690,-0.082554,-0.027533,36360.000000,36250.000000,0.303448,898.000000,2265.000000,DOWN_MIXED,MIXED,37020.000000,37040.000000,36170.000000,36410.000000,-1.647758,2.405308,386,780,PASS,09:09_OR_EARLIER_ONLY
2025-03-12,09:10:00,09:09:00,36780.000000,0.054407,0.136129,0.136129,36800.000000,36660.000000,0.381888,996.000000,2287.000000,UP,UP_PERSISTENT,36730.000000,36920.000000,36110.000000,36530.000000,-0.544514,2.243146,386,780,PASS,09:09_OR_EARLIER_ONLY
2025-03-13,09:10:00,09:09:00,37210.000000,0.026882,0.134553,0.215459,37240.000000,37130.000000,0.296256,262.000000,485.000000,UP,UP_PERSISTENT,36850.000000,37220.000000,36780.000000,37030.000000,0.488467,1.196302,386,780,PASS,09:09_OR_EARLIER_ONLY
2025-03-14,09:10:00,09:09:00,36440.000000,0.000000,0.164926,-0.082259,36480.000000,36270.000000,0.578991,507.000000,3255.000000,FLAT_MIXED,MIXED,36520.000000,36780.000000,36300.000000,36510.000000,-0.027382,1.322314,386,780,PASS,09:09_OR_EARLIER_ONLY
2025-03-17,09:10:00,09:09:00,37180.000000,-0.080623,-0.026889,-0.161117,37270.000000,37160.000000,0.296017,453.000000,1511.000000,DOWN,DOWN_PERSISTENT,36830.000000,37360.000000,36790.000000,37270.000000,1.194678,1.549334,386,780,PASS,09:09_OR_EARLIER_ONLY
2025-03-18,09:10:00,09:09:00,37630.000000,0.026582,-0.106185,-0.132696,37700.000000,37610.000000,0.239298,609.000000,1623.000000,DOWN_MIXED,MIXED,37250.000000,37770.000000,37180.000000,37670.000000,1.127517,1.586875,386,780,PASS,09:09_OR_EARLIER_ONLY
2025-03-19,09:10:00,09:09:00,37660.000000,0.053135,0.079724,0.239553,37660.000000,37550.000000,0.292943,405.000000,1214.000000,UP,UP_PERSISTENT,37640.000000,37740.000000,37390.000000,37550.000000,-0.239107,0.936079,386,780,PASS,09:09_OR_EARLIER_ONLY
2025-03-20,09:10:00,09:09:00,37610.000000,-0.026582,-0.026582,-0.132767,37650.000000,37610.000000,0.106355,17.000000,137.000000,DOWN,DOWN_PERSISTENT,37410.000000,37780.000000,37400.000000,37610.000000,0.534616,1.016043,386,780,PASS,09:09_OR_EARLIER_ONLY
2025-03-21,09:10:00,09:09:00,37560.000000,-0.053220,0.240192,0.508429,37580.000000,37330.000000,0.669703,952.000000,1939.000000,UP_MIXED,MIXED,37580.000000,37640.000000,37160.000000,37420.000000,-0.425758,1.291712,386,780,PASS,09:09_OR_EARLIER_ONLY
2025-03-24,09:10:00,09:09:00,37580.000000,0.079893,0.000000,0.053248,37590.000000,37500.000000,0.240000,659.000000,1564.000000,UP_MIXED,MIXED,37420.000000,37470.000000,37100.000000,37310.000000,-0.293960,0.997305,386,780,PASS,09:09_OR_EARLIER_ONLY
2025-03-25,09:10:00,09:09:00,37760.000000,0.000000,-0.105820,0.106045,37820.000000,37710.000000,0.291700,871.000000,1834.000000,FLAT_MIXED,MIXED,37430.000000,37740.000000,37340.000000,37690.000000,0.694630,1.071237,386,780,PASS,09:09_OR_EARLIER_ONLY
2025-03-26,09:10:00,09:09:00,37760.000000,0.000000,0.026490,-0.237781,37870.000000,37730.000000,0.371058,601.000000,1873.000000,FLAT_MIXED,MIXED,37580.000000,37830.000000,37540.000000,37810.000000,0.612028,0.772509,386,780,PASS,09:09_OR_EARLIER_ONLY
2025-03-27,09:10:00,09:09:00,37380.000000,0.000000,0.000000,-0.106895,37420.000000,37290.000000,0.348619,1130.000000,2586.000000,DOWN_MIXED,MIXED,37790.000000,37810.000000,37410.000000,37450.000000,-0.899709,1.069233,386,780,PASS,09:09_OR_EARLIER_ONLY
2025-03-28,09:10:00,09:09:00,37290.000000,-0.080386,0.000000,-0.240770,37390.000000,37270.000000,0.321975,605.000000,1752.000000,DOWN_MIXED,MIXED,37390.000000,37530.000000,37250.000000,37430.000000,0.106980,0.751678,386,780,PASS,09:09_OR_EARLIER_ONLY
2025-03-31,09:10:00,09:09:00,35950.000000,-0.027809,-0.027809,-0.498201,36140.000000,35930.000000,0.584470,1405.000000,3353.000000,DOWN,DOWN_PERSISTENT,36880.000000,36890.000000,36300.000000,36300.000000,-1.572668,1.625344,386,780,PASS,09:09_OR_EARLIER_ONLY
2025-04-01,09:10:00,09:09:00,36040.000000,0.055525,0.334076,0.138927,36050.000000,35870.000000,0.501812,982.000000,2667.000000,UP,UP_PERSISTENT,35770.000000,36140.000000,35480.000000,36010.000000,0.670953,1.860203,386,780,PASS,09:09_OR_EARLIER_ONLY
2025-04-02,09:10:00,09:09:00,35660.000000,-0.028035,-0.084057,-0.335383,35790.000000,35640.000000,0.420875,898.000000,2025.000000,DOWN,DOWN_PERSISTENT,35550.000000,35860.000000,35130.000000,35730.000000,0.506329,2.077996,386,780,PASS,09:09_OR_EARLIER_ONLY
2025-04-03,09:10:00,09:09:00,34200.000000,0.175747,0.381567,1.213377,34240.000000,33780.000000,1.361753,2801.000000,5209.000000,UP,UP_PERSISTENT,35700.000000,36510.000000,34820.000000,34830.000000,-2.436975,4.853532,386,780,PASS,09:09_OR_EARLIER_ONLY
2025-04-04,09:10:00,09:09:00,34150.000000,0.117268,-0.029274,0.500294,34200.000000,33980.000000,0.647440,1253.000000,3913.000000,UP_MIXED,MIXED,34780.000000,34830.000000,33630.000000,33640.000000,-3.277746,3.568243,386,780,PASS,09:09_OR_EARLIER_ONLY
2025-04-07,09:10:00,09:09:00,31000.000000,-0.289482,0.193924,-0.161031,31680.000000,30880.000000,2.590674,1255.000000,4291.000000,DOWN_MIXED,MIXED,33550.000000,33660.000000,31970.000000,32230.000000,-3.934426,5.286206,386,780,PASS,09:09_OR_EARLIER_ONLY
2025-04-08,09:10:00,09:09:00,32790.000000,0.030506,0.675468,0.490346,32820.000000,32380.000000,1.358863,1173.000000,3110.000000,UP,UP_PERSISTENT,30940.000000,33430.000000,30790.000000,32510.000000,5.074337,8.574212,386,780,PASS,09:09_OR_EARLIER_ONLY
2025-04-09,09:10:00,09:09:00,31970.000000,0.031289,-0.683442,-0.837469,32330.000000,31900.000000,1.347962,973.000000,2309.000000,DOWN_MIXED,MIXED,33190.000000,33920.000000,31830.000000,32090.000000,-3.314251,6.566133,386,780,PASS,09:09_OR_EARLIER_ONLY
2025-04-10,09:10:00,09:09:00,34720.000000,-0.172513,-0.487246,-0.229885,34960.000000,34640.000000,0.923788,1364.000000,3305.000000,DOWN,DOWN_PERSISTENT,32300.000000,35140.000000,31120.000000,35120.000000,8.730650,12.917738,386,780,PASS,09:09_OR_EARLIER_ONLY
2025-04-11,09:10:00,09:09:00,32770.000000,0.030525,-0.213155,-0.847201,33060.000000,32690.000000,1.131845,1259.000000,4027.000000,DOWN_MIXED,MIXED,34250.000000,34260.000000,32470.000000,33430.000000,-2.394161,5.512781,386,780,PASS,09:09_OR_EARLIER_ONLY
2025-04-14,09:10:00,09:09:00,34260.000000,-0.116618,0.263389,0.764706,34320.000000,33990.000000,0.970874,1200.000000,2334.000000,UP_MIXED,MIXED,33170.000000,33740.000000,32700.000000,33740.000000,1.718420,3.180428,386,780,PASS,09:09_OR_EARLIER_ONLY
2025-04-15,09:10:00,09:09:00,34360.000000,-0.116279,-0.058173,0.000000,34430.000000,34350.000000,0.232897,741.000000,1488.000000,DOWN_MIXED,MIXED,34200.000000,34500.000000,33980.000000,34300.000000,0.292398,1.530312,386,780,PASS,09:09_OR_EARLIER_ONLY
2025-04-16,09:10:00,09:09:00,34220.000000,0.058480,-0.058411,-0.087591,34300.000000,34180.000000,0.351083,583.000000,1317.000000,DOWN_MIXED,MIXED,34420.000000,34630.000000,34220.000000,34490.000000,0.203370,1.198130,386,780,PASS,09:09_OR_EARLIER_ONLY
2025-04-17,09:10:00,09:09:00,34190.000000,0.087822,-0.233440,0.470173,34310.000000,33960.000000,1.030624,945.000000,2742.000000,UP_MIXED,MIXED,33780.000000,34350.000000,33600.000000,33830.000000,0.148017,2.232143,386,780,PASS,09:09_OR_EARLIER_ONLY
2025-04-18,09:10:00,09:09:00,34340.000000,-0.116347,-0.348230,-0.492611,34500.000000,34330.000000,0.495194,575.000000,1179.000000,DOWN,DOWN_PERSISTENT,34430.000000,34740.000000,34270.000000,34540.000000,0.319489,1.371462,386,780,PASS,09:09_OR_EARLIER_ONLY
2025-04-21,09:10:00,09:09:00,34560.000000,-0.086730,0.144886,0.028944,34590.000000,34410.000000,0.523104,427.000000,1223.000000,UP_MIXED,MIXED,34730.000000,34820.000000,34630.000000,34650.000000,-0.230348,0.548657,386,780,PASS,09:09_OR_EARLIER_ONLY
2025-04-22,09:10:00,09:09:00,34320.000000,0.029146,0.233645,0.321543,34330.000000,34150.000000,0.527086,492.000000,1187.000000,UP,UP_PERSISTENT,34190.000000,34360.000000,33860.000000,34120.000000,-0.204738,1.476669,386,780,PASS,09:09_OR_EARLIER_ONLY
2025-04-23,09:10:00,09:09:00,35080.000000,-0.028498,-0.170746,-0.566893,35280.000000,35050.000000,0.656205,1214.000000,3316.000000,DOWN,DOWN_PERSISTENT,34330.000000,34960.000000,34290.000000,34830.000000,1.456452,1.953922,386,780,PASS,09:09_OR_EARLIER_ONLY
2025-04-24,09:10:00,09:09:00,35240.000000,-0.113379,-0.056721,-0.198244,35320.000000,35240.000000,0.227015,515.000000,1694.000000,DOWN,DOWN_PERSISTENT,35000.000000,35510.000000,34970.000000,35440.000000,1.257143,1.544181,386,780,PASS,09:09_OR_EARLIER_ONLY
2025-04-25,09:10:00,09:09:00,35500.000000,0.056370,0.028177,-0.028161,35560.000000,35460.000000,0.282008,959.000000,2079.000000,UP_MIXED,MIXED,34940.000000,35670.000000,34790.000000,35590.000000,1.860332,2.529462,386,780,PASS,09:09_OR_EARLIER_ONLY
2025-04-28,09:10:00,09:09:00,36040.000000,0.083310,0.000000,0.111111,36080.000000,35910.000000,0.473406,760.000000,2081.000000,UP_MIXED,MIXED,35700.000000,36070.000000,35480.000000,36010.000000,0.868347,1.662909,386,780,PASS,09:09_OR_EARLIER_ONLY
2025-04-29,09:10:00,09:09:00,35940.000000,0.000000,-0.083403,-0.055617,35980.000000,35940.000000,0.111297,109.000000,182.000000,DOWN_MIXED,MIXED,35880.000000,36070.000000,35710.000000,35920.000000,0.111483,1.008121,386,780,PASS,09:09_OR_EARLIER_ONLY
2025-04-30,09:10:00,09:09:00,36020.000000,0.000000,0.250487,0.166852,36040.000000,35880.000000,0.445931,1006.000000,2433.000000,UP_MIXED,MIXED,36120.000000,36230.000000,35860.000000,36040.000000,-0.221484,1.031790,386,780,PASS,09:09_OR_EARLIER_ONLY
2025-05-01,09:10:00,09:09:00,36250.000000,0.110467,0.110467,0.055203,36260.000000,36170.000000,0.248825,750.000000,1601.000000,UP,UP_PERSISTENT,36120.000000,36310.000000,35630.000000,36270.000000,0.415282,1.908504,386,780,PASS,09:09_OR_EARLIER_ONLY
2025-05-02,09:10:00,09:09:00,36740.000000,0.000000,-0.054407,0.218221,36780.000000,36650.000000,0.354707,702.000000,1823.000000,FLAT_MIXED,MIXED,36600.000000,37070.000000,36540.000000,36760.000000,0.437158,1.450465,386,780,PASS,09:09_OR_EARLIER_ONLY
2025-05-05,09:10:00,09:09:00,37110.000000,0.026954,0.080906,0.216041,37110.000000,37030.000000,0.216041,55.000000,160.000000,UP,UP_PERSISTENT,36860.000000,37230.000000,36670.000000,37210.000000,0.949539,1.527134,386,780,PASS,09:09_OR_EARLIER_ONLY
2025-05-06,09:10:00,09:09:00,37170.000000,0.026911,0.107730,0.161681,37180.000000,37090.000000,0.242653,145.000000,370.000000,UP,UP_PERSISTENT,37010.000000,37350.000000,36950.000000,37150.000000,0.378276,1.082544,386,780,PASS,09:09_OR_EARLIER_ONLY
2025-05-07,09:10:00,09:09:00,36810.000000,-0.135648,-0.270929,-0.432783,37020.000000,36800.000000,0.597826,1208.000000,2773.000000,DOWN,DOWN_PERSISTENT,37010.000000,37020.000000,36640.000000,36690.000000,-0.864631,1.037118,386,780,PASS,09:09_OR_EARLIER_ONLY
2025-05-08,09:10:00,09:09:00,36990.000000,0.000000,0.027042,0.108254,37020.000000,36910.000000,0.298022,752.000000,2174.000000,UP_MIXED,MIXED,36840.000000,37070.000000,36590.000000,36900.000000,0.162866,1.311834,386,780,PASS,09:09_OR_EARLIER_ONLY
2025-05-09,09:10:00,09:09:00,37380.000000,0.000000,-0.186916,-0.213561,37540.000000,37360.000000,0.481799,641.000000,2444.000000,DOWN_MIXED,MIXED,37160.000000,37680.000000,37140.000000,37490.000000,0.888052,1.453958,386,780,PASS,09:09_OR_EARLIER_ONLY
2025-05-12,09:10:00,09:09:00,37670.000000,0.053121,-0.026539,-0.159025,37750.000000,37640.000000,0.292242,763.000000,1988.000000,DOWN_MIXED,MIXED,37550.000000,37670.000000,37310.000000,37480.000000,-0.186418,0.964889,386,780,PASS,09:09_OR_EARLIER_ONLY
2025-05-13,09:10:00,09:09:00,38460.000000,-0.051975,-0.155763,-0.207577,38560.000000,38450.000000,0.286086,728.000000,1957.000000,DOWN,DOWN_PERSISTENT,38200.000000,38790.000000,38150.000000,38740.000000,1.413613,1.677588,386,780,PASS,09:09_OR_EARLIER_ONLY
2025-05-14,09:10:00,09:09:00,38270.000000,-0.026123,-0.156535,-0.208605,38390.000000,38270.000000,0.313562,460.000000,1297.000000,DOWN,DOWN_PERSISTENT,38190.000000,38510.000000,38020.000000,38320.000000,0.340403,1.288795,386,780,PASS,09:09_OR_EARLIER_ONLY
2025-05-15,09:10:00,09:09:00,37850.000000,0.052868,0.000000,0.132275,37880.000000,37780.000000,0.264690,480.000000,1457.000000,UP_MIXED,MIXED,38170.000000,38200.000000,37600.000000,37680.000000,-1.283731,1.595745,386,780,PASS,09:09_OR_EARLIER_ONLY
2025-05-16,09:10:00,09:09:00,37710.000000,-0.053008,0.026525,-0.132415,37790.000000,37680.000000,0.291932,555.000000,1419.000000,DOWN_MIXED,MIXED,37680.000000,37840.000000,37590.000000,37790.000000,0.291932,0.665070,386,780,PASS,09:09_OR_EARLIER_ONLY
2025-05-19,09:10:00,09:09:00,37550.000000,-0.186071,-0.053234,-0.186071,37650.000000,37550.000000,0.266312,984.000000,1896.000000,DOWN,DOWN_PERSISTENT,37830.000000,38000.000000,37740.000000,37820.000000,-0.026434,0.688924,386,780,PASS,09:09_OR_EARLIER_ONLY
2025-05-20,09:10:00,09:09:00,37850.000000,0.000000,0.185283,0.291468,37850.000000,37740.000000,0.291468,877.000000,1788.000000,UP_MIXED,MIXED,37410.000000,37610.000000,37240.000000,37580.000000,0.454424,0.993555,386,780,PASS,09:09_OR_EARLIER_ONLY
2025-05-21,09:10:00,09:09:00,37620.000000,0.026589,-0.026575,0.000000,37670.000000,37570.000000,0.266170,457.000000,1504.000000,FLAT_MIXED,FLAT_PERSISTENT,37460.000000,37710.000000,37450.000000,37610.000000,0.400427,0.694259,386,780,PASS,09:09_OR_EARLIER_ONLY
2025-05-22,09:10:00,09:09:00,36970.000000,0.054127,0.108313,0.162558,36990.000000,36830.000000,0.434428,776.000000,2064.000000,UP,UP_PERSISTENT,37340.000000,37360.000000,36830.000000,36840.000000,-1.339047,1.439044,386,780,PASS,09:09_OR_EARLIER_ONLY
2025-05-23,09:10:00,09:09:00,37160.000000,-0.053792,-0.107527,0.080797,37220.000000,37120.000000,0.269397,417.000000,1579.000000,DOWN_MIXED,MIXED,36920.000000,37210.000000,36710.000000,37100.000000,0.487541,1.362027,386,780,PASS,09:09_OR_EARLIER_ONLY
2025-05-26,09:10:00,09:09:00,37330.000000,-0.053548,0.268601,0.295540,37360.000000,37170.000000,0.511165,870.000000,1701.000000,UP_MIXED,MIXED,37210.000000,37310.000000,36450.000000,36850.000000,-0.967482,2.359396,386,780,PASS,09:09_OR_EARLIER_ONLY
2025-05-27,09:10:00,09:09:00,37490.000000,0.026681,0.000000,-0.133191,37550.000000,37470.000000,0.213504,284.000000,940.000000,FLAT_MIXED,MIXED,37580.000000,37660.000000,37520.000000,37600.000000,0.053220,0.373134,386,780,PASS,09:09_OR_EARLIER_ONLY
2025-05-28,09:10:00,09:09:00,38100.000000,-0.026240,-0.104877,-0.157233,38190.000000,38100.000000,0.236220,608.000000,1800.000000,DOWN,DOWN_PERSISTENT,37890.000000,38380.000000,37860.000000,38330.000000,1.161256,1.373481,386,780,PASS,09:09_OR_EARLIER_ONLY
2025-05-29,09:10:00,09:09:00,38140.000000,0.000000,-0.183198,-0.078596,38250.000000,38120.000000,0.341028,739.000000,2534.000000,DOWN_MIXED,MIXED,37750.000000,37990.000000,37660.000000,37930.000000,0.476821,0.876261,386,780,PASS,09:09_OR_EARLIER_ONLY
2025-05-30,09:10:00,09:09:00,37840.000000,0.000000,-0.052826,0.079344,37900.000000,37810.000000,0.238032,562.000000,1588.000000,FLAT_MIXED,MIXED,38370.000000,38390.000000,37720.000000,37930.000000,-1.146729,1.776246,386,780,PASS,09:09_OR_EARLIER_ONLY
2025-06-02,09:10:00,09:09:00,37540.000000,0.053305,0.079979,-0.239171,37630.000000,37490.000000,0.373433,819.000000,2284.000000,UP_MIXED,MIXED,38000.000000,38040.000000,37390.000000,37690.000000,-0.815789,1.738433,386,780,PASS,09:09_OR_EARLIER_ONLY
2025-06-03,09:10:00,09:09:00,37540.000000,0.000000,-0.186121,-0.212653,37630.000000,37530.000000,0.266454,541.000000,1492.000000,DOWN_MIXED,MIXED,37390.000000,37840.000000,37280.000000,37790.000000,1.069805,1.502146,386,780,PASS,09:09_OR_EARLIER_ONLY
2025-06-04,09:10:00,09:09:00,37860.000000,0.026420,0.105764,0.371156,37870.000000,37700.000000,0.450928,529.000000,2013.000000,UP,UP_PERSISTENT,37450.000000,37790.000000,37390.000000,37720.000000,0.720961,1.069805,386,780,PASS,09:09_OR_EARLIER_ONLY
2025-06-05,09:10:00,09:09:00,37630.000000,0.053177,0.079787,0.159702,37630.000000,37530.000000,0.266454,423.000000,1513.000000,UP,UP_PERSISTENT,37850.000000,37860.000000,37480.000000,37550.000000,-0.792602,1.013874,386,780,PASS,09:09_OR_EARLIER_ONLY
2025-06-06,09:10:00,09:09:00,37670.000000,0.106298,0.239489,0.292865,37680.000000,37560.000000,0.319489,558.000000,1380.000000,UP,UP_PERSISTENT,37640.000000,37650.000000,37310.000000,37460.000000,-0.478215,0.911284,386,780,PASS,09:09_OR_EARLIER_ONLY
2025-06-09,09:10:00,09:09:00,38120.000000,0.000000,0.052493,0.210305,38140.000000,38030.000000,0.289245,640.000000,1571.000000,UP_MIXED,MIXED,37740.000000,38170.000000,37730.000000,38010.000000,0.715421,1.166181,386,780,PASS,09:09_OR_EARLIER_ONLY
2025-06-10,09:10:00,09:09:00,38280.000000,-0.026116,-0.078309,0.000000,38360.000000,38260.000000,0.261370,513.000000,1881.000000,DOWN_MIXED,MIXED,38100.000000,38330.000000,38080.000000,38230.000000,0.341207,0.656513,386,780,PASS,09:09_OR_EARLIER_ONLY
2025-06-11,09:10:00,09:09:00,38490.000000,-0.077882,0.025988,0.156128,38530.000000,38420.000000,0.286309,1059.000000,2033.000000,UP_MIXED,MIXED,38220.000000,38400.000000,38140.000000,38370.000000,0.392465,0.681699,386,780,PASS,09:09_OR_EARLIER_ONLY
2025-06-12,09:10:00,09:09:00,38370.000000,0.052151,0.000000,0.208932,38380.000000,38280.000000,0.261233,179.000000,499.000000,UP_MIXED,MIXED,38480.000000,38750.000000,38300.000000,38380.000000,-0.259875,1.174935,386,780,PASS,09:09_OR_EARLIER_ONLY
2025-06-13,09:10:00,09:09:00,37830.000000,-0.052840,-0.026427,-0.394945,38120.000000,37800.000000,0.846561,1787.000000,4619.000000,DOWN,DOWN_PERSISTENT,38080.000000,38270.000000,37950.000000,38170.000000,0.236345,0.843215,386,780,PASS,09:09_OR_EARLIER_ONLY
2025-06-16,09:10:00,09:09:00,38140.000000,-0.026212,-0.026212,0.262881,38170.000000,38030.000000,0.368130,681.000000,2256.000000,DOWN_MIXED,MIXED,37880.000000,38140.000000,37850.000000,37920.000000,0.105597,0.766182,386,780,PASS,09:09_OR_EARLIER_ONLY
2025-06-17,09:10:00,09:09:00,38310.000000,-0.052178,-0.104302,-0.052178,38390.000000,38310.000000,0.208823,557.000000,1347.000000,DOWN,DOWN_PERSISTENT,38400.000000,38610.000000,38290.000000,38560.000000,0.416667,0.835727,386,780,PASS,09:09_OR_EARLIER_ONLY
2025-06-18,09:10:00,09:09:00,38490.000000,0.078003,0.156128,0.469851,38490.000000,38310.000000,0.469851,973.000000,2049.000000,UP,UP_PERSISTENT,38430.000000,38450.000000,38200.000000,38210.000000,-0.572469,0.654450,386,780,PASS,09:09_OR_EARLIER_ONLY
2025-06-19,09:10:00,09:09:00,38700.000000,-0.025833,-0.051653,-0.309119,38840.000000,38700.000000,0.361757,438.000000,1874.000000,DOWN,DOWN_PERSISTENT,38850.000000,38950.000000,38560.000000,38690.000000,-0.411840,1.011411,386,780,PASS,09:09_OR_EARLIER_ONLY
2025-06-20,09:10:00,09:09:00,38570.000000,0.077841,0.364299,0.338189,38570.000000,38400.000000,0.442708,583.000000,1640.000000,UP,UP_PERSISTENT,38500.000000,38690.000000,38360.000000,38490.000000,-0.025974,0.860271,386,780,PASS,09:09_OR_EARLIER_ONLY
2025-06-23,09:10:00,09:09:00,38170.000000,-0.052370,0.210029,-0.078534,38230.000000,38080.000000,0.393908,903.000000,2426.000000,DOWN_MIXED,MIXED,38460.000000,38580.000000,38230.000000,38370.000000,-0.234009,0.915511,386,780,PASS,09:09_OR_EARLIER_ONLY
2025-06-24,09:10:00,09:09:00,38950.000000,0.025681,0.386598,0.438370,38960.000000,38780.000000,0.464157,1295.000000,2443.000000,UP,UP_PERSISTENT,38490.000000,38610.000000,38220.000000,38600.000000,0.285789,1.020408,386,780,PASS,09:09_OR_EARLIER_ONLY
2025-06-25,09:10:00,09:09:00,38780.000000,0.000000,0.000000,-0.231541,38900.000000,38770.000000,0.335311,659.000000,1900.000000,DOWN_MIXED,MIXED,38710.000000,38790.000000,38600.000000,38770.000000,0.154999,0.492228,386,780,PASS,09:09_OR_EARLIER_ONLY
2025-06-26,09:10:00,09:09:00,39140.000000,0.000000,0.102302,0.307535,39140.000000,39030.000000,0.281834,643.000000,1810.000000,UP_MIXED,MIXED,38970.000000,39140.000000,38890.000000,38960.000000,-0.025661,0.642839,386,780,PASS,09:09_OR_EARLIER_ONLY
2025-06-27,09:10:00,09:09:00,40000.000000,0.075056,0.025006,0.175307,40030.000000,39890.000000,0.350965,829.000000,2210.000000,UP,UP_PERSISTENT,39470.000000,39810.000000,39390.000000,39800.000000,0.836078,1.066260,386,780,PASS,09:09_OR_EARLIER_ONLY
2025-06-30,09:10:00,09:09:00,40640.000000,0.073873,0.123183,0.073873,40660.000000,40530.000000,0.320750,825.000000,2031.000000,UP,UP_PERSISTENT,40200.000000,40640.000000,40160.000000,40550.000000,0.870647,1.195219,386,780,PASS,09:09_OR_EARLIER_ONLY
2025-07-01,09:10:00,09:09:00,40240.000000,-0.124100,-0.049677,-0.223159,40360.000000,40230.000000,0.323142,712.000000,2144.000000,DOWN,DOWN_PERSISTENT,40470.000000,40470.000000,40230.000000,40270.000000,-0.494193,0.596570,386,780,PASS,09:09_OR_EARLIER_ONLY
2025-07-02,09:10:00,09:09:00,39560.000000,0.025284,0.177260,0.228021,39570.000000,39440.000000,0.329615,1035.000000,2272.000000,UP,UP_PERSISTENT,39840.000000,39860.000000,39570.000000,39570.000000,-0.677711,0.732878,386,780,PASS,09:09_OR_EARLIER_ONLY
2025-07-03,09:10:00,09:09:00,39730.000000,0.025176,0.050365,-0.200955,39820.000000,39680.000000,0.352823,511.000000,1954.000000,UP_MIXED,MIXED,39760.000000,39790.000000,39570.000000,39730.000000,-0.075453,0.555977,386,780,PASS,09:09_OR_EARLIER_ONLY
2025-07-04,09:10:00,09:09:00,39890.000000,0.050163,-0.100175,-0.200150,40000.000000,39860.000000,0.351229,863.000000,1722.000000,DOWN_MIXED,MIXED,39770.000000,40120.000000,39730.000000,40120.000000,0.880060,0.981626,386,780,PASS,09:09_OR_EARLIER_ONLY
2025-07-07,09:10:00,09:09:00,39780.000000,-0.125534,0.050302,0.100654,39830.000000,39670.000000,0.403327,659.000000,1916.000000,UP_MIXED,MIXED,39750.000000,39810.000000,39610.000000,39730.000000,-0.050314,0.504923,386,780,PASS,09:09_OR_EARLIER_ONLY
2025-07-08,09:10:00,09:09:00,39700.000000,0.000000,0.075624,0.480891,39750.000000,39500.000000,0.632911,706.000000,2240.000000,UP_MIXED,MIXED,39600.000000,39910.000000,39350.000000,39350.000000,-0.631313,1.423126,386,780,PASS,09:09_OR_EARLIER_ONLY
2025-07-09,09:10:00,09:09:00,39830.000000,0.025113,0.050239,-0.300375,39990.000000,39790.000000,0.502639,627.000000,1969.000000,UP_MIXED,MIXED,39860.000000,40050.000000,39810.000000,39960.000000,0.250878,0.602864,386,780,PASS,09:09_OR_EARLIER_ONLY
2025-07-10,09:10:00,09:09:00,39670.000000,0.075681,-0.125881,-0.326633,39800.000000,39630.000000,0.428968,712.000000,1682.000000,DOWN_MIXED,MIXED,39830.000000,39950.000000,39740.000000,39920.000000,0.225960,0.528435,386,780,PASS,09:09_OR_EARLIER_ONLY
2025-07-11,09:10:00,09:09:00,39900.000000,-0.075131,0.025069,0.050150,39960.000000,39830.000000,0.326387,840.000000,2632.000000,UP_MIXED,MIXED,39680.000000,39760.000000,39590.000000,39710.000000,0.075605,0.429401,386,780,PASS,09:09_OR_EARLIER_ONLY
2025-07-14,09:10:00,09:09:00,39450.000000,0.025355,0.152323,0.101497,39450.000000,39310.000000,0.356143,677.000000,2049.000000,UP,UP_PERSISTENT,39380.000000,39560.000000,39270.000000,39490.000000,0.279330,0.738477,386,780,PASS,09:09_OR_EARLIER_ONLY
2025-07-15,09:10:00,09:09:00,39420.000000,-0.025361,-0.076046,-0.253036,39530.000000,39400.000000,0.329949,325.000000,1115.000000,DOWN,DOWN_PERSISTENT,39490.000000,39540.000000,39310.000000,39510.000000,0.050646,0.585093,386,780,PASS,09:09_OR_EARLIER_ONLY
2025-07-16,09:10:00,09:09:00,39590.000000,0.025265,-0.126135,-0.251953,39740.000000,39570.000000,0.429618,411.000000,1239.000000,DOWN_MIXED,MIXED,39640.000000,39810.000000,39570.000000,39590.000000,-0.126135,0.606520,386,780,PASS,09:09_OR_EARLIER_ONLY
2025-07-17,09:10:00,09:09:00,39400.000000,-0.076084,-0.227906,-0.101420,39510.000000,39400.000000,0.279188,368.000000,1092.000000,DOWN,DOWN_PERSISTENT,39630.000000,39660.000000,39130.000000,39560.000000,-0.176634,1.354459,386,780,PASS,09:09_OR_EARLIER_ONLY
2025-07-18,09:10:00,09:09:00,39950.000000,-0.025025,-0.149963,-0.374065,40090.000000,39930.000000,0.400701,478.000000,1452.000000,DOWN,DOWN_PERSISTENT,39870.000000,40110.000000,39800.000000,40050.000000,0.451467,0.778894,386,780,PASS,09:09_OR_EARLIER_ONLY
2025-07-21,09:10:00,09:09:00,39850.000000,0.050213,0.100477,0.100477,39850.000000,39800.000000,0.125628,36.000000,84.000000,UP,UP_PERSISTENT,39860.000000,39870.000000,39630.000000,39700.000000,-0.401405,0.605602,386,780,PASS,09:09_OR_EARLIER_ONLY
2025-07-22,09:10:00,09:09:00,40130.000000,0.124750,0.475714,0.829146,40130.000000,39800.000000,0.829146,1160.000000,2132.000000,UP,UP_PERSISTENT,39840.000000,39930.000000,39670.000000,39820.000000,-0.050201,0.655407,386,780,PASS,09:09_OR_EARLIER_ONLY
2025-07-23,09:10:00,09:09:00,40470.000000,0.024716,0.322261,0.173267,40480.000000,40260.000000,0.546448,1740.000000,3279.000000,UP,UP_PERSISTENT,39740.000000,39800.000000,39460.000000,39620.000000,-0.301963,0.861632,386,780,PASS,09:09_OR_EARLIER_ONLY
2025-07-24,09:10:00,09:09:00,41640.000000,-0.143885,-0.143885,-0.263473,41780.000000,41640.000000,0.336215,780.000000,2083.000000,DOWN,DOWN_PERSISTENT,41110.000000,41740.000000,41100.000000,41690.000000,1.410849,1.557178,386,780,PASS,09:09_OR_EARLIER_ONLY
2025-07-25,09:10:00,09:09:00,41660.000000,0.000000,0.000000,-0.071960,41730.000000,41620.000000,0.264296,650.000000,1658.000000,DOWN_MIXED,MIXED,41860.000000,41860.000000,41530.000000,41660.000000,-0.477783,0.794606,386,780,PASS,09:09_OR_EARLIER_ONLY
2025-07-28,09:10:00,09:09:00,41080.000000,-0.072975,-0.460383,-0.916546,41470.000000,41070.000000,0.973947,2468.000000,4264.000000,DOWN,DOWN_PERSISTENT,41340.000000,41470.000000,41270.000000,41360.000000,0.048379,0.484614,386,780,PASS,09:09_OR_EARLIER_ONLY
2025-07-29,09:10:00,09:09:00,40760.000000,0.024540,-0.049044,-0.098039,40820.000000,40700.000000,0.294840,531.000000,1686.000000,DOWN_MIXED,MIXED,40960.000000,41020.000000,40680.000000,40810.000000,-0.366211,0.835792,386,780,PASS,09:09_OR_EARLIER_ONLY
2025-07-30,09:10:00,09:09:00,40630.000000,0.000000,-0.147456,-0.294479,40750.000000,40610.000000,0.344743,526.000000,1233.000000,DOWN_MIXED,MIXED,40880.000000,40960.000000,40580.000000,40650.000000,-0.562622,0.936422,386,780,PASS,09:09_OR_EARLIER_ONLY
2025-07-31,09:10:00,09:09:00,40760.000000,0.049092,0.122820,0.049092,40790.000000,40690.000000,0.245761,839.000000,1731.000000,UP,UP_PERSISTENT,40660.000000,40780.000000,40480.000000,40730.000000,0.172159,0.741107,386,780,PASS,09:09_OR_EARLIER_ONLY
2025-08-01,09:10:00,09:09:00,40630.000000,-0.098353,-0.073783,-0.196512,40740.000000,40630.000000,0.270736,937.000000,2453.000000,DOWN,DOWN_PERSISTENT,41110.000000,41280.000000,40580.000000,40810.000000,-0.729749,1.724988,386,780,PASS,09:09_OR_EARLIER_ONLY
2025-08-04,09:10:00,09:09:00,39990.000000,0.025013,0.376506,0.326141,39990.000000,39740.000000,0.629089,941.000000,2445.000000,UP,UP_PERSISTENT,40690.000000,40690.000000,39730.000000,39920.000000,-1.892357,2.416310,386,780,PASS,09:09_OR_EARLIER_ONLY
2025-08-05,09:10:00,09:09:00,40480.000000,-0.049383,0.000000,-0.123365,40520.000000,40460.000000,0.148295,694.000000,1591.000000,DOWN_MIXED,MIXED,40360.000000,40640.000000,40310.000000,40630.000000,0.668979,0.818655,386,780,PASS,09:09_OR_EARLIER_ONLY
2025-08-06,09:10:00,09:09:00,40520.000000,0.098814,0.123548,0.247402,40520.000000,40420.000000,0.247402,567.000000,1401.000000,UP,UP_PERSISTENT,40600.000000,40680.000000,40350.000000,40520.000000,-0.197044,0.817844,386,780,PASS,09:09_OR_EARLIER_ONLY
2025-08-07,09:10:00,09:09:00,40810.000000,0.024510,0.073565,0.393604,40830.000000,40630.000000,0.492247,727.000000,1815.000000,UP,UP_PERSISTENT,40810.000000,40910.000000,40600.000000,40810.000000,0.000000,0.763547,386,780,PASS,09:09_OR_EARLIER_ONLY
2025-08-08,09:10:00,09:09:00,41380.000000,-0.024160,0.169450,0.412521,41400.000000,41200.000000,0.485437,905.000000,2785.000000,UP_MIXED,MIXED,41020.000000,41340.000000,41010.000000,41170.000000,0.365675,0.804682,386,780,PASS,09:09_OR_EARLIER_ONLY
2025-08-11,09:10:00,09:09:00,42310.000000,0.000000,0.000000,0.142012,42340.000000,42250.000000,0.213018,103.000000,239.000000,UP_MIXED,MIXED,41820.000000,42390.000000,41810.000000,42290.000000,1.123864,1.387228,386,780,PASS,09:09_OR_EARLIER_ONLY
2025-08-12,09:10:00,09:09:00,42310.000000,-0.070855,0.047293,0.236911,42360.000000,42210.000000,0.355366,637.000000,2089.000000,UP_MIXED,MIXED,42280.000000,42410.000000,42230.000000,42280.000000,0.000000,0.426237,386,780,PASS,09:09_OR_EARLIER_ONLY
2025-08-13,09:10:00,09:09:00,43030.000000,0.000000,-0.185572,-0.393519,43280.000000,43020.000000,0.604370,1164.000000,2512.000000,DOWN_MIXED,MIXED,42730.000000,43370.000000,42590.000000,43290.000000,1.310555,1.831416,386,780,PASS,09:09_OR_EARLIER_ONLY
2025-08-14,09:10:00,09:09:00,43130.000000,-0.115794,0.023191,0.116063,43200.000000,43030.000000,0.395073,1395.000000,3311.000000,UP_MIXED,MIXED,43450.000000,43480.000000,43040.000000,43100.000000,-0.805524,1.022305,386,780,PASS,09:09_OR_EARLIER_ONLY
2025-08-15,09:10:00,09:09:00,42870.000000,-0.116496,-0.186263,0.210379,42960.000000,42780.000000,0.420757,759.000000,2303.000000,DOWN_MIXED,MIXED,42680.000000,42890.000000,42520.000000,42790.000000,0.257732,0.870179,386,780,PASS,09:09_OR_EARLIER_ONLY
2025-08-18,09:10:00,09:09:00,43580.000000,0.045914,0.206944,0.276116,43590.000000,43440.000000,0.345304,1194.000000,2528.000000,UP,UP_PERSISTENT,43440.000000,43500.000000,43250.000000,43390.000000,-0.115101,0.578035,386,780,PASS,09:09_OR_EARLIER_ONLY
2025-08-19,09:10:00,09:09:00,43800.000000,-0.068446,-0.068446,-0.045641,43880.000000,43720.000000,0.365965,809.000000,1720.000000,DOWN,DOWN_PERSISTENT,43710.000000,43930.000000,43620.000000,43790.000000,0.183024,0.710683,386,780,PASS,09:09_OR_EARLIER_ONLY
2025-08-20,09:10:00,09:09:00,43120.000000,-0.046361,0.139340,-0.162075,43230.000000,43030.000000,0.464792,869.000000,2595.000000,DOWN_MIXED,MIXED,43610.000000,43820.000000,43310.000000,43370.000000,-0.550332,1.177557,386,780,PASS,09:09_OR_EARLIER_ONLY
2025-08-21,09:10:00,09:09:00,42860.000000,0.000000,-0.046642,0.187003,42930.000000,42710.000000,0.515102,510.000000,1342.000000,FLAT_MIXED,MIXED,42970.000000,43010.000000,42560.000000,42850.000000,-0.279265,1.057331,386,780,PASS,09:09_OR_EARLIER_ONLY
2025-08-22,09:10:00,09:09:00,42600.000000,-0.070373,-0.023469,-0.117233,42720.000000,42560.000000,0.375940,728.000000,1939.000000,DOWN,DOWN_PERSISTENT,42630.000000,42750.000000,42510.000000,42670.000000,0.093831,0.564573,386,780,PASS,09:09_OR_EARLIER_ONLY
2025-08-25,09:10:00,09:09:00,43070.000000,-0.023213,-0.208526,0.000000,43200.000000,43040.000000,0.371747,1495.000000,3570.000000,DOWN_MIXED,MIXED,42670.000000,43100.000000,42660.000000,42990.000000,0.749941,1.031411,386,780,PASS,09:09_OR_EARLIER_ONLY
2025-08-26,09:10:00,09:09:00,42600.000000,0.093985,0.353357,-0.093809,42700.000000,42430.000000,0.636342,1072.000000,2715.000000,UP_MIXED,MIXED,42730.000000,42750.000000,42510.000000,42520.000000,-0.491458,0.564573,386,780,PASS,09:09_OR_EARLIER_ONLY
2025-08-27,09:10:00,09:09:00,42330.000000,0.023629,0.023629,-0.329644,42490.000000,42300.000000,0.449173,719.000000,1932.000000,UP_MIXED,MIXED,42240.000000,42530.000000,42170.000000,42520.000000,0.662879,0.853687,386,780,PASS,09:09_OR_EARLIER_ONLY
2025-08-28,09:10:00,09:09:00,42660.000000,0.164358,0.589484,0.731995,42660.000000,42280.000000,0.898770,1021.000000,2127.000000,UP,UP_PERSISTENT,42470.000000,42590.000000,42330.000000,42490.000000,0.047092,0.614222,386,780,PASS,09:09_OR_EARLIER_ONLY
2025-08-29,09:10:00,09:09:00,42740.000000,0.023403,0.093677,-0.116850,42820.000000,42660.000000,0.375059,778.000000,2166.000000,UP_MIXED,MIXED,42990.000000,43040.000000,42730.000000,42920.000000,-0.162829,0.725486,386,780,PASS,09:09_OR_EARLIER_ONLY
2025-09-01,09:10:00,09:09:00,42350.000000,-0.023607,0.070888,0.070888,42410.000000,42210.000000,0.473821,1168.000000,2682.000000,UP_MIXED,MIXED,42660.000000,42670.000000,42030.000000,42100.000000,-1.312705,1.522722,386,780,PASS,09:09_OR_EARLIER_ONLY
2025-09-02,09:10:00,09:09:00,42260.000000,-0.118175,-0.212515,-0.141777,42410.000000,42240.000000,0.402462,585.000000,1264.000000,DOWN,DOWN_PERSISTENT,42260.000000,42410.000000,42260.000000,42370.000000,0.260293,0.354946,386,780,PASS,09:09_OR_EARLIER_ONLY
2025-09-03,09:10:00,09:09:00,42140.000000,-0.094832,-0.071141,0.142586,42190.000000,42030.000000,0.380680,477.000000,1702.000000,DOWN_MIXED,MIXED,42150.000000,42170.000000,41690.000000,42170.000000,0.047450,1.151355,386,780,PASS,09:09_OR_EARLIER_ONLY
2025-09-04,09:10:00,09:09:00,42260.000000,0.023669,0.237192,0.451628,42280.000000,42020.000000,0.618753,734.000000,1838.000000,UP,UP_PERSISTENT,42050.000000,42220.000000,41920.000000,42120.000000,0.166468,0.715649,386,780,PASS,09:09_OR_EARLIER_ONLY
2025-09-05,09:10:00,09:09:00,43210.000000,0.046307,0.208720,0.441655,43230.000000,43010.000000,0.511509,1516.000000,3661.000000,UP,UP_PERSISTENT,42630.000000,42920.000000,42500.000000,42910.000000,0.656814,0.988235,386,780,PASS,09:09_OR_EARLIER_ONLY
2025-09-08,09:10:00,09:09:00,43590.000000,0.068871,0.368409,0.183866,43590.000000,43340.000000,0.576834,1298.000000,2734.000000,UP,UP_PERSISTENT,43050.000000,43200.000000,42590.000000,42900.000000,-0.348432,1.432261,386,780,PASS,09:09_OR_EARLIER_ONLY
2025-09-09,09:10:00,09:09:00,44030.000000,0.090930,0.159236,0.364714,44070.000000,43830.000000,0.547570,1411.000000,2705.000000,UP,UP_PERSISTENT,43600.000000,44030.000000,43540.000000,43950.000000,0.802752,1.125402,386,780,PASS,09:09_OR_EARLIER_ONLY
2025-09-10,09:10:00,09:09:00,43540.000000,-0.045914,-0.114705,0.068950,43640.000000,43480.000000,0.367985,733.000000,1343.000000,DOWN_MIXED,MIXED,43580.000000,43610.000000,43080.000000,43600.000000,0.045893,1.230269,386,780,PASS,09:09_OR_EARLIER_ONLY
2025-09-11,09:10:00,09:09:00,43880.000000,-0.227376,-0.227376,-0.113817,44050.000000,43880.000000,0.387420,378.000000,768.000000,DOWN,DOWN_PERSISTENT,43880.000000,44020.000000,43690.000000,43900.000000,0.045579,0.755322,386,780,PASS,09:09_OR_EARLIER_ONLY
2025-09-12,09:10:00,09:09:00,44470.000000,-0.022482,-0.157162,-0.336172,44720.000000,44440.000000,0.630063,854.000000,3958.000000,DOWN,DOWN_PERSISTENT,44290.000000,44570.000000,44260.000000,44550.000000,0.587040,0.700407,386,780,PASS,09:09_OR_EARLIER_ONLY
2025-09-16,09:10:00,09:09:00,44760.000000,0.067069,0.201478,0.134228,44760.000000,44630.000000,0.291284,934.000000,2279.000000,UP,UP_PERSISTENT,44430.000000,44570.000000,44320.000000,44420.000000,-0.022507,0.564079,386,780,PASS,09:09_OR_EARLIER_ONLY
2025-09-17,09:10:00,09:09:00,44520.000000,0.089928,-0.044903,-0.044903,44580.000000,44440.000000,0.315032,695.000000,2084.000000,DOWN_MIXED,MIXED,44590.000000,44680.000000,44430.000000,44510.000000,-0.179412,0.562683,386,780,PASS,09:09_OR_EARLIER_ONLY
2025-09-18,09:10:00,09:09:00,44690.000000,0.044773,0.089586,-0.067084,44730.000000,44580.000000,0.336474,466.000000,1542.000000,UP_MIXED,MIXED,44660.000000,44710.000000,44350.000000,44650.000000,-0.022391,0.811725,386,780,PASS,09:09_OR_EARLIER_ONLY
2025-09-19,09:10:00,09:09:00,45580.000000,0.087835,-0.087681,0.065862,45650.000000,45540.000000,0.241546,758.000000,1984.000000,UP_MIXED,MIXED,45260.000000,45720.000000,45210.000000,45600.000000,0.751215,1.128069,386,780,PASS,09:09_OR_EARLIER_ONLY
2025-09-22,09:10:00,09:09:00,45320.000000,0.022070,0.354296,0.711111,45340.000000,44990.000000,0.777951,1182.000000,2233.000000,UP,UP_PERSISTENT,44830.000000,45100.000000,44830.000000,45040.000000,0.468436,0.602275,386,780,PASS,09:09_OR_EARLIER_ONLY
2025-09-23,09:10:00,09:09:00,45430.000000,0.000000,-0.087970,-0.131897,45490.000000,45430.000000,0.132071,26.000000,121.000000,DOWN_MIXED,MIXED,45240.000000,45490.000000,45130.000000,45470.000000,0.508400,0.797696,386,780,PASS,09:09_OR_EARLIER_ONLY
2025-09-24,09:10:00,09:09:00,45080.000000,-0.022178,-0.155039,-0.287547,45240.000000,45040.000000,0.444050,693.000000,2315.000000,DOWN,DOWN_PERSISTENT,45530.000000,45610.000000,45260.000000,45330.000000,-0.439271,0.773310,386,780,PASS,09:09_OR_EARLIER_ONLY
2025-09-25,09:10:00,09:09:00,45470.000000,0.000000,0.044004,0.198325,45510.000000,45340.000000,0.374945,797.000000,2035.000000,UP_MIXED,MIXED,45470.000000,45600.000000,45270.000000,45420.000000,-0.109963,0.728960,386,780,PASS,09:09_OR_EARLIER_ONLY
2025-09-26,09:10:00,09:09:00,45270.000000,-0.220410,-0.242398,-0.242398,45440.000000,45270.000000,0.375525,1114.000000,2113.000000,DOWN,DOWN_PERSISTENT,45460.000000,45470.000000,45020.000000,45370.000000,-0.197976,0.999556,386,780,PASS,09:09_OR_EARLIER_ONLY
2025-09-29,09:10:00,09:09:00,45110.000000,0.022173,0.022173,-0.243255,45240.000000,45080.000000,0.354925,908.000000,2169.000000,UP_MIXED,MIXED,45130.000000,45220.000000,44920.000000,45220.000000,0.199424,0.667854,386,780,PASS,09:09_OR_EARLIER_ONLY
2025-09-30,09:10:00,09:09:00,44980.000000,-0.022227,-0.088849,-0.332373,45140.000000,44970.000000,0.378030,843.000000,2060.000000,DOWN,DOWN_PERSISTENT,45080.000000,45280.000000,45040.000000,45120.000000,0.088731,0.532860,386,780,PASS,09:09_OR_EARLIER_ONLY
